cluster_a,edad,sexo,remuneracion_c_remunerado,remuneracion_c_no_remunerado,remuneracion_c_indeterminado,remuneracion_p_remunerado,remuneracion_p_no_remunerado,remuneracion_p_indeterminado,escolaridad_c_no_escolaridad,escolaridad_c_basico,escolaridad_c_avanzado,escolaridad_c_indeterminado,escolaridad_p_no_escolaridad,escolaridad_p_basico,escolaridad_p_avanzado,escolaridad_p_indeterminado,salud_c_atencion_formal,salud_c_atencion_no_formal,salud_c_atencion_indeterminado,salud_p_atencion_formal,salud_p_atencion_no_formal,salud_p_atencion_indeterminado,pareja_c_si,pareja_c_no,pareja_c_indeterminado,pareja_p_si,pareja_p_no,pareja_p_indeterminado,hijos_c_0,hijos_c_1,hijos_c_2,hijos_c_3_o_mas,hijos_p_0,hijos_p_1,hijos_p_2,hijos_p_3_o_mas,inmigracion1_c_no,inmigracion1_c_si,inmigracion1_c_indeterminado,inmigracion1_p_no,inmigracion1_p_si,inmigracion1_p_indeterminado,inmigracion5_c_no,inmigracion5_c_si,inmigracion5_c_indeterminado,inmigracion5_p_no,inmigracion5_p_si,inmigracion5_p_indeterminado,remuneracion_x_pareja_c_remunerado_x_si,remuneracion_x_pareja_c_no_remunerado_x_si,remuneracion_x_pareja_c_remunerado_x_no,remuneracion_x_pareja_c_no_remunerado_x_no,remuneracion_dado_pareja_p_remunerado_dado_si,remuneracion_dado_pareja_p_no_remunerado_dado_si,remuneracion_dado_pareja_p_remunerado_dado_no,remuneracion_dado_pareja_p_no_remunerado_dado_no,escolaridad_x_hijos_c_no_escolaridad_x_0,escolaridad_x_hijos_c_basico_x_0,escolaridad_x_hijos_c_avanzado_x_0,escolaridad_x_hijos_c_no_escolaridad_x_1,escolaridad_x_hijos_c_basico_x_1,escolaridad_x_hijos_c_avanzado_x_1,escolaridad_x_hijos_c_no_escolaridad_x_2,escolaridad_x_hijos_c_basico_x_2,escolaridad_x_hijos_c_avanzado_x_2,escolaridad_x_hijos_c_no_escolaridad_x_3_o_mas,escolaridad_x_hijos_c_basico_x_3_o_mas,escolaridad_x_hijos_c_avanzado_x_3_o_mas,escolaridad_dado_hijos_p_no_escolaridad_dado_0,escolaridad_dado_hijos_p_basico_dado_0,escolaridad_dado_hijos_p_avanzado_dado_0,escolaridad_dado_hijos_p_no_escolaridad_dado_1,escolaridad_dado_hijos_p_basico_dado_1,escolaridad_dado_hijos_p_avanzado_dado_1,escolaridad_dado_hijos_p_no_escolaridad_dado_2,escolaridad_dado_hijos_p_basico_dado_2,escolaridad_dado_hijos_p_avanzado_dado_2,escolaridad_dado_hijos_p_no_escolaridad_dado_3_o_mas,escolaridad_dado_hijos_p_basico_dado_3_o_mas,escolaridad_dado_hijos_p_avanzado_dado_3_o_mas,remuneracion_x_escolaridad_c_remunerado_x_no_escolaridad,remuneracion_x_escolaridad_c_no_remunerado_x_no_escolaridad,remuneracion_x_escolaridad_c_remunerado_x_basico,remuneracion_x_escolaridad_c_no_remunerado_x_basico,remuneracion_x_escolaridad_c_remunerado_x_avanzado,remuneracion_x_escolaridad_c_no_remunerado_x_avanzado,remuneracion_dado_escolaridad_p_remunerado_dado_no_escolaridad,remuneracion_dado_escolaridad_p_no_remunerado_dado_no_escolarid,remuneracion_dado_escolaridad_p_remunerado_dado_basico,remuneracion_dado_escolaridad_p_no_remunerado_dado_basico,remuneracion_dado_escolaridad_p_remunerado_dado_avanzado,remuneracion_dado_escolaridad_p_no_remunerado_dado_avanzado,salud_x_escolaridad_c_atencion_formal_x_no_escolaridad,salud_x_escolaridad_c_atencion_no_formal_x_no_escolaridad,salud_x_escolaridad_c_atencion_formal_x_basico,salud_x_escolaridad_c_atencion_no_formal_x_basico,salud_x_escolaridad_c_atencion_formal_x_avanzado,salud_x_escolaridad_c_atencion_no_formal_x_avanzado,salud_dado_escolaridad_p_atencion_formal_dado_no_escolaridad,salud_dado_escolaridad_p_atencion_no_formal_dado_no_escolaridad,salud_dado_escolaridad_p_atencion_formal_dado_basico,salud_dado_escolaridad_p_atencion_no_formal_dado_basico,salud_dado_escolaridad_p_atencion_formal_dado_avanzado,salud_dado_escolaridad_p_atencion_no_formal_dado_avanzado,poblacion_total
0,1,H,0,0,59903,0,0,1,0,0,0,59903,0,0,0,1,8909,1811,49183,0.15,0.03,0.82,0,0,59903,0,0,1,59903,0,0,0,1,0,0,0,45848,2360,11695,0.77,0.04,0.2,0,0,59903,0,0,1,0,0,0,0,0,0,0,0,0,0,0,0,0,0,0,0,0,0,0,0,0,0,0,0,0,0,0,0,0,0,0,0,0,0,0,0,0,0,0,0,0,0,0,0,0,0,0,0,0,0,0,0,0,0,0,0,59903
0,1,M,0,0,56630,0,0,1,0,0,0,56630,0,0,0,1,8115,1718,46797,0.14,0.03,0.83,0,0,56630,0,0,1,56630,0,0,0,1,0,0,0,43108,2192,11330,0.76,0.04,0.2,0,0,56630,0,0,1,0,0,0,0,0,0,0,0,0,0,0,0,0,0,0,0,0,0,0,0,0,0,0,0,0,0,0,0,0,0,0,0,0,0,0,0,0,0,0,0,0,0,0,0,0,0,0,0,0,0,0,0,0,0,0,0,56630
0,2,H,0,0,67939,0,0,1,1352,65176,0,1411,0.02,0.96,0,0.02,6558,1710,59671,0.1,0.03,0.88,0,0,67939,0,0,1,67939,0,0,0,1,0,0,0,65056,2441,442,0.96,0.04,0.01,59049,7661,1229,0.87,0.11,0.02,0,0,0,0,0,0,0,0,1352,65176,0,0,0,0,0,0,0,0,0,0,0.02,0.96,0,0,0,0,0,0,0,0,0,0,0,0,0,0,0,0,0,0,0,0,0,0,0,0,0,0,0,0,0,0,0,0,0,0,67939
0,2,M,0,0,65398,0,0,1,1120,62917,0,1361,0.02,0.96,0,0.02,6390,1635,57373,0.1,0.03,0.88,0,0,65398,0,0,1,65398,0,0,0,1,0,0,0,62687,2275,436,0.96,0.03,0.01,56806,7433,1159,0.87,0.11,0.02,0,0,0,0,0,0,0,0,1120,62917,0,0,0,0,0,0,0,0,0,0,0.02,0.96,0,0,0,0,0,0,0,0,0,0,0,0,0,0,0,0,0,0,0,0,0,0,0,0,0,0,0,0,0,0,0,0,0,0,65398
0,3,H,1518,74336,1676,0.02,0.96,0.02,500,76663,0,367,0.01,0.99,0,0,5738,1720,70072,0.07,0.02,0.9,586,75978,966,0.01,0.98,0.01,77530,0,0,0,1,0,0,0,74472,2066,992,0.96,0.03,0.01,69585,6909,1036,0.9,0.09,0.01,66,517,1450,73793,0.11,0.88,0.02,0.97,500,76663,0,0,0,0,0,0,0,0,0,0,0.01,0.99,0,0,0,0,0,0,0,0,0,0,40,433,1476,73849,0,0,0.08,0.87,0.02,0.96,0,0,0,0,0,0,0,0,0,0,0,0,0,0,77530
0,3,M,296,71969,1572,0,0.97,0.02,317,73241,0,279,0,0.99,0,0,5836,1640,66361,0.08,0.02,0.9,755,72200,882,0.01,0.98,0.01,73585,198,32,22,1,0,0,0,70735,2159,943,0.96,0.03,0.01,66096,6784,957,0.9,0.09,0.01,27,723,269,71219,0.04,0.96,0,0.99,310,72997,0,5,193,0,2,29,0,0,22,0,0,0.99,0,0.03,0.97,0,0.06,0.91,0,0,1,0,8,292,286,71647,0,0,0.03,0.92,0,0.98,0,0,0,0,0,0,0,0,0,0,0,0,0,0,73837
0,4,H,18391,61379,1969,0.22,0.75,0.02,818,76228,3542,1151,0.01,0.93,0.04,0.01,5501,1602,74636,0.07,0.02,0.91,3157,76780,1802,0.04,0.94,0.02,81739,0,0,0,1,0,0,0,77306,2649,1784,0.95,0.03,0.02,73894,6034,1811,0.9,0.07,0.02,1898,1243,16486,60112,0.6,0.39,0.21,0.78,818,76228,3542,0,0,0,0,0,0,0,0,0,0.01,0.93,0.04,0,0,0,0,0,0,0,0,0,196,593,17802,57509,355,3181,0.24,0.72,0.23,0.75,0.1,0.9,233,59,233,59,233,59,0.28,0.07,0,0,0.07,0.02,81739
0,4,M,5146,69232,1174,0.07,0.92,0.02,473,69135,5483,461,0.01,0.92,0.07,0.01,7235,1542,66775,0.1,0.02,0.88,10907,63563,1082,0.14,0.84,0.01,64924,9635,892,101,0.86,0.13,0.01,0,71586,2933,1033,0.95,0.04,0.01,67815,6689,1048,0.9,0.09,0.01,885,10006,4259,59204,0.08,0.92,0.07,0.93,424,58885,5162,38,9292,300,6,868,16,5,90,5,0.01,0.91,0.08,0,0.96,0.03,0.01,0.97,0.02,0.05,0.89,0.05,29,419,4689,63704,421,5059,0.06,0.89,0.07,0.92,0.08,0.92,546,115,546,115,546,115,1.15,0.24,0.01,0,0.1,0.02,75552
0,5,H,38398,29873,1867,0.55,0.43,0.03,1093,57596,10134,1315,0.02,0.82,0.14,0.02,4669,1384,64085,0.07,0.02,0.91,16662,52266,1210,0.24,0.75,0.02,70138,0,0,0,1,0,0,0,64269,4231,1638,0.92,0.06,0.02,61484,6983,1671,0.88,0.1,0.02,12306,4127,26086,25733,0.74,0.25,0.5,0.49,1093,57596,10134,0,0,0,0,0,0,0,0,0,0.02,0.82,0.14,0,0,0,0,0,0,0,0,0,392,660,34787,22139,3122,6960,0.36,0.6,0.6,0.38,0.31,0.69,704,194,704,194,704,194,0.64,0.18,0.01,0,0.07,0.02,70138
0,5,M,14957,50460,668,0.23,0.76,0.01,638,50267,14590,590,0.01,0.76,0.22,0.01,6303,1315,58467,0.1,0.02,0.88,27708,37805,572,0.42,0.57,0.01,31902,24032,8336,1815,0.48,0.36,0.13,0.03,61008,4556,521,0.92,0.07,0.01,56803,8735,547,0.86,0.13,0.01,4443,23242,10511,27197,0.16,0.84,0.28,0.72,458,20129,10772,95,20579,3323,53,7824,452,32,1735,43,0.01,0.63,0.34,0,0.86,0.14,0.01,0.94,0.05,0.02,0.96,0.02,70,546,10960,39180,3896,10669,0.11,0.86,0.22,0.78,0.27,0.73,1422,259,1422,259,1422,259,2.23,0.41,0.03,0.01,0.1,0.02,66085
0,6,H,40907,18495,1687,0.67,0.3,0.03,1373,50041,8884,791,0.02,0.82,0.15,0.01,4425,1353,55311,0.07,0.02,0.91,28507,31890,692,0.47,0.52,0.01,61089,0,0,0,1,0,0,0,56344,3286,1459,0.92,0.05,0.02,51497,8111,1481,0.84,0.13,0.02,21625,6412,19271,12073,0.76,0.22,0.6,0.38,1373,50041,8884,0,0,0,0,0,0,0,0,0,0.02,0.82,0.15,0,0,0,0,0,0,0,0,0,637,689,35008,14108,5163,3626,0.46,0.5,0.7,0.28,0.58,0.41,697,176,697,176,697,176,0.51,0.13,0.01,0,0.08,0.02,61089
0,6,M,17238,41955,577,0.29,0.7,0.01,860,45854,12538,518,0.01,0.77,0.21,0.01,6150,1302,52318,0.1,0.02,0.88,35293,24004,473,0.59,0.4,0.01,14741,20774,16717,7538,0.25,0.35,0.28,0.13,56052,3293,425,0.94,0.06,0.01,50433,8878,459,0.84,0.15,0.01,7319,27938,9912,14008,0.21,0.79,0.41,0.58,461,8311,5511,133,15810,4792,106,14705,1891,160,7028,344,0.03,0.56,0.37,0.01,0.76,0.23,0.01,0.88,0.11,0.02,0.93,0.05,126,711,11217,34523,5863,6653,0.15,0.83,0.24,0.75,0.47,0.53,1336,237,1336,237,1336,237,1.55,0.28,0.03,0.01,0.11,0.02,59770
0,7,H,40705,14634,1642,0.71,0.26,0.03,1812,47696,6802,671,0.03,0.84,0.12,0.01,4690,1457,50834,0.08,0.03,0.89,34882,21552,547,0.61,0.38,0.01,56981,0,0,0,1,0,0,0,52974,2568,1439,0.93,0.05,0.03,48121,7401,1459,0.84,0.13,0.03,26590,7639,14106,6988,0.76,0.22,0.65,0.32,1812,47696,6802,0,0,0,0,0,0,0,0,0,0.03,0.84,0.12,0,0,0,0,0,0,0,0,0,993,746,34773,11941,4840,1894,0.55,0.41,0.73,0.25,0.71,0.28,551,161,551,161,551,161,0.3,0.09,0.01,0,0.08,0.02,56981
0,7,M,17045,39065,509,0.3,0.69,0.01,1194,45384,9619,422,0.02,0.8,0.17,0.01,6589,1343,48687,0.12,0.02,0.86,37715,18509,395,0.67,0.33,0.01,8070,13637,19704,15208,0.14,0.24,0.35,0.27,53944,2301,374,0.95,0.04,0.01,49032,7203,384,0.87,0.13,0.01,8594,29075,8439,9978,0.23,0.77,0.46,0.54,483,4862,2357,144,10029,3449,175,16604,2901,392,13889,912,0.06,0.6,0.29,0.01,0.74,0.25,0.01,0.84,0.15,0.03,0.91,0.06,193,977,11456,33819,5366,4227,0.16,0.82,0.25,0.75,0.56,0.44,1183,182,1183,182,1183,182,0.99,0.15,0.03,0,0.12,0.02,56619
0,8,H,41069,13847,1438,0.73,0.25,0.03,2094,48053,5670,537,0.04,0.85,0.1,0.01,5096,1537,49721,0.09,0.03,0.88,38206,17683,465,0.68,0.31,0.01,56354,0,0,0,1,0,0,0,53081,2009,1264,0.94,0.04,0.02,48974,6088,1292,0.87,0.11,0.02,29103,8473,11957,5371,0.76,0.22,0.68,0.3,2094,48053,5670,0,0,0,0,0,0,0,0,0,0.04,0.85,0.1,0,0,0,0,0,0,0,0,0,1228,802,35410,11779,4369,1233,0.59,0.38,0.74,0.25,0.77,0.22,579,129,579,129,579,129,0.28,0.06,0.01,0,0.1,0.02,56354
0,8,M,17459,38030,470,0.31,0.68,0.01,1577,45885,8086,411,0.03,0.82,0.14,0.01,7408,1475,47076,0.13,0.03,0.84,38504,17107,348,0.69,0.31,0.01,5907,9314,18644,22094,0.11,0.17,0.33,0.39,53842,1769,348,0.96,0.03,0.01,49879,5718,362,0.89,0.1,0.01,9233,29220,8221,8805,0.24,0.76,0.48,0.51,472,3827,1261,197,6877,2229,257,15239,3128,651,19942,1468,0.08,0.65,0.21,0.02,0.74,0.24,0.01,0.82,0.17,0.03,0.9,0.07,292,1257,12163,33626,4970,3099,0.19,0.8,0.27,0.73,0.61,0.38,1030,207,1030,207,1030,207,0.65,0.13,0.02,0,0.13,0.03,55959
0,9,H,36933,12366,1107,0.73,0.25,0.02,2409,43422,4184,391,0.05,0.86,0.08,0.01,5142,1521,43743,0.1,0.03,0.87,35337,14706,363,0.7,0.29,0.01,50406,0,0,0,1,0,0,0,48034,1443,929,0.95,0.03,0.02,44858,4609,939,0.89,0.09,0.02,26814,8027,10109,4332,0.76,0.23,0.69,0.29,2409,43422,4184,0,0,0,0,0,0,0,0,0,0.05,0.86,0.08,0,0,0,0,0,0,0,0,0,1520,831,32065,10691,3307,823,0.63,0.34,0.74,0.25,0.79,0.2,432,84,432,84,432,84,0.18,0.03,0.01,0,0.1,0.02,50406
0,9,M,15133,34750,434,0.3,0.69,0.01,1975,42114,5823,405,0.04,0.84,0.12,0.01,7522,1508,41287,0.15,0.03,0.82,34909,15086,322,0.69,0.3,0.01,4621,6130,13930,25636,0.09,0.12,0.28,0.51,48788,1218,311,0.97,0.02,0.01,45966,4028,323,0.91,0.08,0.01,8142,26717,6987,8022,0.23,0.77,0.46,0.53,426,3112,769,187,4650,1282,274,11429,2198,1088,22923,1574,0.09,0.67,0.17,0.03,0.76,0.21,0.02,0.82,0.16,0.04,0.89,0.06,388,1563,10887,31130,3806,2004,0.2,0.79,0.26,0.74,0.65,0.34,817,130,817,130,817,130,0.41,0.07,0.02,0,0.14,0.02,50317
0,10,H,35921,12213,930,0.73,0.25,0.02,2999,42101,3546,418,0.06,0.86,0.07,0.01,5669,1544,41851,0.12,0.03,0.85,35048,13649,367,0.71,0.28,0.01,49064,0,0,0,1,0,0,0,47170,1146,748,0.96,0.02,0.02,44521,3786,757,0.91,0.08,0.02,26554,8123,9359,4090,0.76,0.23,0.69,0.3,2999,42101,3546,0,0,0,0,0,0,0,0,0,0.06,0.86,0.07,0,0,0,0,0,0,0,0,0,1958,978,31051,10566,2859,650,0.65,0.33,0.74,0.25,0.81,0.18,402,57,402,57,402,57,0.13,0.02,0.01,0,0.11,0.02,49064
0,10,M,13519,34115,435,0.28,0.71,0.01,2557,40521,4592,399,0.05,0.84,0.1,0.01,8560,1499,38010,0.18,0.03,0.79,33174,14573,322,0.69,0.3,0.01,4411,4986,11168,27504,0.09,0.1,0.23,0.57,46778,976,315,0.97,0.02,0.01,44660,3074,335,0.93,0.06,0.01,7321,25800,6191,8304,0.22,0.78,0.42,0.57,437,3049,615,224,3879,873,345,9186,1616,1551,24407,1488,0.1,0.69,0.14,0.04,0.78,0.18,0.03,0.82,0.14,0.06,0.89,0.05,516,2011,9778,30649,3192,1389,0.2,0.79,0.24,0.76,0.7,0.3,734,133,734,133,734,133,0.29,0.05,0.02,0,0.16,0.03,48069
0,11,H,32958,12666,798,0.71,0.27,0.02,3772,39396,2872,382,0.08,0.85,0.06,0.01,6215,1562,38645,0.13,0.03,0.83,33091,13009,322,0.71,0.28,0.01,46422,0,0,0,1,0,0,0,44975,872,575,0.97,0.02,0.01,42744,3103,575,0.92,0.07,0.01,24287,8503,8659,4162,0.73,0.26,0.67,0.32,3772,39396,2872,0,0,0,0,0,0,0,0,0,0.08,0.85,0.06,0,0,0,0,0,0,0,0,0,2429,1271,28188,10819,2287,556,0.64,0.34,0.72,0.27,0.8,0.19,372,49,372,49,372,49,0.1,0.01,0.01,0,0.13,0.02,46422
0,11,M,11485,33443,446,0.25,0.74,0.01,3465,37886,3645,378,0.08,0.83,0.08,0.01,9270,1544,34560,0.2,0.03,0.76,30338,14724,312,0.67,0.32,0.01,4331,4083,8997,27963,0.1,0.09,0.2,0.62,44242,824,308,0.98,0.02,0.01,42414,2640,320,0.93,0.06,0.01,6048,24242,5436,9191,0.2,0.8,0.37,0.62,501,3017,505,237,3189,646,409,7349,1227,2318,24331,1267,0.12,0.7,0.12,0.06,0.78,0.16,0.05,0.82,0.14,0.08,0.87,0.05,627,2797,8190,29597,2636,1000,0.18,0.81,0.22,0.78,0.72,0.27,683,77,683,77,683,77,0.2,0.02,0.02,0,0.19,0.02,45374
0,12,H,28178,12364,811,0.68,0.3,0.02,4378,34393,2205,377,0.11,0.83,0.05,0.01,6478,1584,33291,0.16,0.04,0.81,29205,11829,319,0.71,0.29,0.01,41353,0,0,0,1,0,0,0,40112,748,493,0.97,0.02,0.01,38256,2598,499,0.93,0.06,0.01,20584,8323,7585,4038,0.7,0.28,0.64,0.34,4378,34393,2205,0,0,0,0,0,0,0,0,0,0.11,0.83,0.05,0,0,0,0,0,0,0,0,0,2703,1564,23658,10361,1774,411,0.62,0.36,0.69,0.3,0.8,0.19,311,42,311,42,311,42,0.07,0.01,0.01,0,0.14,0.02,41353
0,12,M,8647,31486,457,0.21,0.78,0.01,4277,33148,2804,361,0.11,0.82,0.07,0.01,9275,1466,29849,0.23,0.04,0.74,25864,14454,272,0.64,0.36,0.01,3973,3075,6296,27246,0.1,0.08,0.16,0.67,39608,687,295,0.98,0.02,0.01,38146,2145,299,0.94,0.05,0.01,4266,21532,4381,9946,0.16,0.83,0.3,0.69,532,2783,387,269,2395,405,478,4945,858,2998,23025,1154,0.13,0.7,0.1,0.09,0.78,0.13,0.08,0.79,0.14,0.11,0.85,0.04,653,3569,5857,27164,2117,679,0.15,0.83,0.18,0.82,0.75,0.24,486,58,486,58,486,58,0.11,0.01,0.01,0,0.17,0.02,40590
0,13,H,21652,11923,790,0.63,0.35,0.02,4866,27532,1742,225,0.14,0.8,0.05,0.01,6794,1360,26211,0.2,0.04,0.76,23965,10234,166,0.7,0.3,0,34365,0,0,0,1,0,0,0,33531,545,289,0.98,0.02,0.01,32192,1879,294,0.94,0.05,0.01,15666,7907,5980,4014,0.65,0.33,0.58,0.39,4866,27532,1742,0,0,0,0,0,0,0,0,0,0.14,0.8,0.05,0,0,0,0,0,0,0,0,0,2738,1978,17455,9616,1424,299,0.56,0.41,0.63,0.35,0.82,0.17,288,30,288,30,288,30,0.06,0.01,0.01,0,0.17,0.02,34365
0,13,M,5669,27675,450,0.17,0.82,0.01,5050,26722,1793,229,0.15,0.79,0.05,0.01,8715,1217,23862,0.26,0.04,0.71,19752,13873,169,0.58,0.41,0.01,3585,2295,4105,23809,0.11,0.07,0.12,0.7,33144,436,214,0.98,0.01,0.01,31999,1576,219,0.95,0.05,0.01,2551,17112,3116,10559,0.13,0.87,0.22,0.76,688,2444,277,304,1746,243,438,3206,455,3620,19326,818,0.19,0.68,0.08,0.13,0.76,0.11,0.11,0.78,0.11,0.15,0.81,0.03,563,4395,3717,22818,1373,413,0.11,0.87,0.14,0.85,0.77,0.23,320,25,320,25,320,25,0.06,0,0.01,0,0.18,0.01,33794
0,14,H,16154,11586,832,0.57,0.41,0.03,5074,22305,1063,130,0.18,0.78,0.04,0,6536,1094,20942,0.23,0.04,0.73,19723,8767,82,0.69,0.31,0,28572,0,0,0,1,0,0,0,28039,334,199,0.98,0.01,0.01,27074,1302,196,0.95,0.05,0.01,11604,7681,4545,3903,0.59,0.39,0.52,0.45,5074,22305,1063,0,0,0,0,0,0,0,0,0,0.18,0.78,0.04,0,0,0,0,0,0,0,0,0,2535,2335,12700,9072,896,153,0.5,0.46,0.57,0.41,0.84,0.14,186,16,186,16,186,16,0.04,0,0.01,0,0.17,0.02,28572
0,14,M,3305,24176,472,0.12,0.86,0.02,5478,21348,969,158,0.2,0.76,0.03,0.01,8074,991,18888,0.29,0.04,0.68,15064,12794,95,0.54,0.46,0,2989,1660,2612,20692,0.11,0.06,0.09,0.74,27494,318,141,0.98,0.01,0.01,26762,1050,141,0.96,0.04,0.01,1403,13539,1899,10633,0.09,0.9,0.15,0.83,690,2046,156,283,1232,141,384,2016,202,4121,16054,470,0.23,0.68,0.05,0.17,0.74,0.08,0.15,0.77,0.08,0.2,0.78,0.02,414,4903,2185,18957,696,262,0.08,0.9,0.1,0.89,0.72,0.27,206,15,206,15,206,15,0.04,0,0.01,0,0.21,0.02,27953
0,15,H,10346,10795,1030,0.47,0.49,0.05,4748,16820,497,106,0.21,0.76,0.02,0,5960,811,15400,0.27,0.04,0.69,14953,7141,77,0.67,0.32,0,22171,0,0,0,1,0,0,0,21742,219,210,0.98,0.01,0.01,21103,862,206,0.95,0.04,0.01,7366,7045,2976,3744,0.49,0.47,0.42,0.52,4748,16820,497,0,0,0,0,0,0,0,0,0,0.21,0.76,0.02,0,0,0,0,0,0,0,0,0,1864,2576,8047,8119,416,76,0.39,0.54,0.48,0.48,0.84,0.15,108,10,108,10,108,10,0.02,0,0.01,0,0.22,0.02,22171
0,15,M,1916,19972,590,0.09,0.89,0.03,5497,16401,462,118,0.24,0.73,0.02,0.01,7008,826,14644,0.31,0.04,0.65,10343,12065,70,0.46,0.54,0,2625,1155,1670,17028,0.12,0.05,0.07,0.76,22111,203,164,0.98,0.01,0.01,21608,706,164,0.96,0.03,0.01,701,9503,1215,10466,0.07,0.92,0.1,0.87,669,1771,106,288,829,35,335,1247,85,4205,12554,236,0.25,0.67,0.04,0.25,0.72,0.03,0.2,0.75,0.05,0.25,0.74,0.01,299,4990,1310,14798,304,146,0.05,0.91,0.08,0.9,0.66,0.32,113,7,113,7,113,7,0.02,0,0.01,0,0.24,0.02,22478
0,16,H,5988,9830,1175,0.35,0.58,0.07,4441,12257,202,93,0.26,0.72,0.01,0.01,5101,669,11223,0.3,0.04,0.66,10717,6229,47,0.63,0.37,0,16993,0,0,0,1,0,0,0,16637,136,220,0.98,0.01,0.01,16267,504,222,0.96,0.03,0.01,4031,6115,1956,3714,0.38,0.57,0.31,0.6,4441,12257,202,0,0,0,0,0,0,0,0,0,0.26,0.72,0.01,0,0,0,0,0,0,0,0,0,1259,2754,4561,7014,158,42,0.28,0.62,0.37,0.57,0.78,0.21,47,6,47,6,47,6,0.01,0,0,0,0.23,0.03,16993
0,16,M,1064,16056,709,0.06,0.9,0.04,5631,11879,214,105,0.32,0.67,0.01,0.01,6044,641,11144,0.34,0.04,0.63,6459,11310,60,0.36,0.63,0,2162,813,1090,13764,0.12,0.05,0.06,0.77,17532,140,157,0.98,0.01,0.01,17231,439,159,0.97,0.02,0.01,305,6010,759,10042,0.05,0.93,0.07,0.89,674,1356,67,248,549,13,322,729,36,4387,9245,98,0.31,0.63,0.03,0.31,0.68,0.02,0.3,0.67,0.03,0.32,0.67,0.01,201,5127,730,10811,128,81,0.04,0.91,0.06,0.91,0.6,0.38,65,1,65,1,65,1,0.01,0,0.01,0,0.3,0,17829
0,17,H,2706,7309,1121,0.24,0.66,0.1,3633,7365,72,66,0.33,0.66,0.01,0.01,3523,427,7186,0.32,0.04,0.65,6340,4762,34,0.57,0.43,0,11136,0,0,0,1,0,0,0,10835,72,229,0.97,0.01,0.02,10603,301,232,0.95,0.03,0.02,1693,4114,1013,3195,0.27,0.65,0.21,0.67,3633,7365,72,0,0,0,0,0,0,0,0,0,0.33,0.66,0.01,0,0,0,0,0,0,0,0,0,705,2446,1944,4826,53,19,0.19,0.67,0.26,0.66,0.74,0.26,17,1,17,1,17,1,0,0,0,0,0.24,0.01,11136
0,17,M,532,11120,854,0.04,0.89,0.07,4824,7544,53,85,0.39,0.6,0,0.01,4326,457,7723,0.35,0.04,0.62,3288,9171,47,0.26,0.73,0,1610,616,661,9619,0.13,0.05,0.05,0.77,12212,87,207,0.98,0.01,0.02,12009,292,205,0.96,0.02,0.02,128,3029,404,8086,0.04,0.92,0.04,0.88,628,913,20,241,370,3,255,398,4,3700,5863,26,0.39,0.57,0.01,0.39,0.6,0,0.39,0.6,0.01,0.38,0.61,0,121,4303,375,6767,32,19,0.03,0.89,0.05,0.9,0.6,0.36,16,0,16,0,16,0,0,0,0,0,0.3,0,12506
0,18,H,916,4262,707,0.16,0.72,0.12,2079,3723,38,45,0.35,0.63,0.01,0.01,2006,203,3676,0.34,0.03,0.62,2947,2918,20,0.5,0.5,0,5885,0,0,0,1,0,0,0,5678,42,165,0.96,0.01,0.03,5571,148,166,0.95,0.03,0.03,522,2143,394,2117,0.18,0.73,0.14,0.73,2079,3723,38,0,0,0,0,0,0,0,0,0,0.35,0.63,0.01,0,0,0,0,0,0,0,0,0,219,1542,679,2692,17,17,0.11,0.74,0.18,0.72,0.45,0.45,8,0,8,0,8,0,0,0,0,0,0.21,0,5885
0,18,M,271,6197,709,0.04,0.86,0.1,3212,3884,24,57,0.45,0.54,0,0.01,2465,294,4418,0.34,0.04,0.62,1232,5923,22,0.17,0.83,0,956,356,354,5511,0.13,0.05,0.05,0.77,6936,56,185,0.97,0.01,0.03,6828,164,185,0.95,0.02,0.03,45,1085,226,5112,0.04,0.88,0.04,0.86,443,474,5,167,183,3,172,180,1,2430,3047,15,0.46,0.5,0.01,0.47,0.51,0.01,0.49,0.51,0,0.44,0.55,0,80,2751,184,3408,6,15,0.02,0.86,0.05,0.88,0.25,0.63,5,0,5,0,5,0,0,0,0,0,0.21,0,7177
0,19,H,234,1531,288,0.11,0.75,0.14,798,1221,13,21,0.39,0.59,0.01,0.01,678,76,1299,0.33,0.04,0.63,842,1205,6,0.41,0.59,0,2053,0,0,0,1,0,0,0,1952,12,89,0.95,0.01,0.04,1924,41,88,0.94,0.02,0.04,127,634,107,897,0.15,0.75,0.09,0.74,798,1221,13,0,0,0,0,0,0,0,0,0,0.39,0.59,0.01,0,0,0,0,0,0,0,0,0,59,624,166,899,9,4,0.07,0.78,0.14,0.74,0.69,0.31,3,0,3,0,3,0,0,0,0,0,0.23,0,2053
0,19,M,74,2235,357,0.03,0.84,0.13,1254,1377,9,26,0.47,0.52,0,0.01,842,89,1735,0.32,0.03,0.65,299,2356,11,0.11,0.88,0,376,112,129,2049,0.14,0.04,0.05,0.77,2537,30,99,0.95,0.01,0.04,2497,69,100,0.94,0.03,0.04,13,256,61,1976,0.04,0.86,0.03,0.84,166,188,5,61,50,0,62,66,1,965,1073,3,0.44,0.5,0.01,0.54,0.45,0,0.48,0.51,0.01,0.47,0.52,0,18,1063,51,1163,4,2,0.01,0.85,0.04,0.84,0.44,0.22,1,0,1,0,1,0,0,0,0,0,0.11,0,2666
0,20,H,53,360,86,0.11,0.72,0.17,197,289,6,7,0.39,0.58,0.01,0.01,160,22,317,0.32,0.04,0.64,172,319,8,0.34,0.64,0.02,499,0,0,0,1,0,0,0,472,5,22,0.95,0.01,0.04,463,14,22,0.93,0.03,0.04,28,120,25,240,0.16,0.7,0.08,0.75,197,289,6,0,0,0,0,0,0,0,0,0,0.39,0.58,0.01,0,0,0,0,0,0,0,0,0,10,145,40,212,3,3,0.05,0.74,0.14,0.73,0.5,0.5,3,0,3,0,3,0,0.02,0,0.01,0,0.5,0,499
0,20,M,27,620,90,0.04,0.84,0.12,373,356,2,6,0.51,0.48,0,0.01,206,40,491,0.28,0.05,0.67,70,664,3,0.09,0.9,0,127,25,44,541,0.17,0.03,0.06,0.73,697,9,31,0.95,0.01,0.04,688,18,31,0.93,0.02,0.04,5,60,22,560,0.07,0.86,0.03,0.84,70,53,0,16,9,0,26,17,1,261,277,1,0.55,0.42,0,0.64,0.36,0,0.59,0.39,0.02,0.48,0.51,0,8,313,17,305,2,0,0.02,0.84,0.05,0.86,1,0,1,0,1,0,1,0,0,0,0,0,0.5,0,737
0,21,H,54,95,26,0.31,0.54,0.15,51,111,5,8,0.29,0.63,0.03,0.05,34,7,134,0.19,0.04,0.77,74,92,9,0.42,0.53,0.05,175,0,0,0,1,0,0,0,161,3,11,0.92,0.02,0.06,157,5,13,0.9,0.03,0.07,32,36,22,58,0.43,0.49,0.24,0.63,51,111,5,0,0,0,0,0,0,0,0,0,0.29,0.63,0.03,0,0,0,0,0,0,0,0,0,5,33,48,58,1,4,0.1,0.65,0.43,0.52,0.2,0.8,0,0,0,0,0,0,0,0,0,0,0,0,175
0,21,M,20,171,27,0.09,0.78,0.12,95,110,7,6,0.44,0.5,0.03,0.03,56,7,155,0.26,0.03,0.71,41,175,2,0.19,0.8,0.01,52,13,17,136,0.24,0.06,0.08,0.62,203,3,12,0.93,0.01,0.06,198,7,13,0.91,0.03,0.06,7,34,13,137,0.17,0.83,0.07,0.78,23,19,5,3,9,0,5,10,2,64,72,0,0.44,0.37,0.1,0.23,0.69,0,0.29,0.59,0.12,0.47,0.53,0,3,75,13,90,3,4,0.03,0.79,0.12,0.82,0.43,0.57,1,0,1,0,1,0,0.01,0,0.01,0,0.14,0,218
1,1,H,0,0,266443,0,0,1,0,0,0,266443,0,0,0,1,21822,4876,239745,0.08,0.02,0.9,0,0,266443,0,0,1,266443,0,0,0,1,0,0,0,203571,8535,54337,0.76,0.03,0.2,0,0,266443,0,0,1,0,0,0,0,0,0,0,0,0,0,0,0,0,0,0,0,0,0,0,0,0,0,0,0,0,0,0,0,0,0,0,0,0,0,0,0,0,0,0,0,0,0,0,0,0,0,0,0,0,0,0,0,0,0,0,0,266443
1,1,M,0,0,253902,0,0,1,0,0,0,253902,0,0,0,1,19691,4475,229736,0.08,0.02,0.9,0,0,253902,0,0,1,253902,0,0,0,1,0,0,0,193647,8086,52169,0.76,0.03,0.21,0,0,253902,0,0,1,0,0,0,0,0,0,0,0,0,0,0,0,0,0,0,0,0,0,0,0,0,0,0,0,0,0,0,0,0,0,0,0,0,0,0,0,0,0,0,0,0,0,0,0,0,0,0,0,0,0,0,0,0,0,0,0,253902
1,2,H,0,0,297311,0,0,1,10199,279926,0,7186,0.03,0.94,0,0.02,13912,4189,279210,0.05,0.01,0.94,0,0,297311,0,0,1,297311,0,0,0,1,0,0,0,286521,8024,2766,0.96,0.03,0.01,263032,27734,6545,0.88,0.09,0.02,0,0,0,0,0,0,0,0,10199,279926,0,0,0,0,0,0,0,0,0,0,0.03,0.94,0,0,0,0,0,0,0,0,0,0,0,0,0,0,0,0,0,0,0,0,0,0,0,0,0,0,0,0,0,0,0,0,0,0,297311
1,2,M,0,0,283176,0,0,1,8589,267970,0,6617,0.03,0.95,0,0.02,13061,4222,265893,0.05,0.01,0.94,0,0,283176,0,0,1,283176,0,0,0,1,0,0,0,272571,8013,2592,0.96,0.03,0.01,250172,26825,6179,0.88,0.09,0.02,0,0,0,0,0,0,0,0,8589,267970,0,0,0,0,0,0,0,0,0,0,0.03,0.95,0,0,0,0,0,0,0,0,0,0,0,0,0,0,0,0,0,0,0,0,0,0,0,0,0,0,0,0,0,0,0,0,0,0,283176
1,3,H,6204,300060,9414,0.02,0.95,0.03,5097,308542,0,2039,0.02,0.98,0,0.01,11258,3824,300596,0.04,0.01,0.95,4136,306192,5350,0.01,0.97,0.02,315678,0,0,0,1,0,0,0,303514,7213,4951,0.96,0.02,0.02,286409,24308,4961,0.91,0.08,0.02,669,3399,5482,295993,0.16,0.82,0.02,0.97,5097,308542,0,0,0,0,0,0,0,0,0,0,0.02,0.98,0,0,0,0,0,0,0,0,0,0,674,4070,5470,295517,0,0,0.13,0.8,0.02,0.96,0,0,0,0,0,0,0,0,0,0,0,0,0,0,315678
1,3,M,1732,287324,8707,0.01,0.96,0.03,3302,292601,0,1860,0.01,0.98,0,0.01,11359,3702,282702,0.04,0.01,0.95,6277,286609,4877,0.02,0.96,0.02,295929,1289,247,298,0.99,0,0,0,286289,6847,4627,0.96,0.02,0.02,269958,23114,4691,0.91,0.08,0.02,267,5932,1443,280780,0.04,0.95,0.01,0.98,3207,290882,0,70,1201,0,20,226,0,5,292,0,0.01,0.98,0,0.05,0.93,0,0.08,0.91,0,0.02,0.98,0,173,2909,1541,284035,0,0,0.05,0.88,0.01,0.97,0,0,0,0,0,0,0,0,0,0,0,0,0,0,297763
1,4,H,60293,228450,12725,0.2,0.76,0.04,7140,271423,14034,8871,0.02,0.9,0.05,0.03,9367,3351,288750,0.03,0.01,0.96,17766,271518,12184,0.06,0.9,0.04,301468,0,0,0,1,0,0,0,281885,8225,11358,0.94,0.03,0.04,269287,20732,11449,0.89,0.07,0.04,10204,7442,49934,220514,0.57,0.42,0.18,0.81,7140,271423,14034,0,0,0,0,0,0,0,0,0,0.02,0.9,0.05,0,0,0,0,0,0,0,0,0,2755,4096,56095,210991,1191,12832,0.39,0.57,0.21,0.78,0.08,0.91,527,127,527,127,527,127,0.07,0.02,0,0,0.04,0.01,301468
1,4,M,15189,257202,5240,0.05,0.93,0.02,4184,248727,22614,2106,0.02,0.9,0.08,0.01,13087,3443,261101,0.05,0.01,0.94,62845,209761,5025,0.23,0.76,0.02,228067,41439,7031,1094,0.82,0.15,0.03,0,263799,9645,4187,0.95,0.03,0.02,248613,24776,4242,0.9,0.09,0.02,3993,58696,11152,197900,0.06,0.93,0.05,0.94,3130,201702,21245,652,39441,1274,288,6644,74,114,940,21,0.01,0.88,0.09,0.02,0.95,0.03,0.04,0.94,0.01,0.1,0.86,0.02,396,3599,13243,232064,1495,21093,0.09,0.86,0.05,0.93,0.07,0.93,1107,256,1107,256,1107,256,0.26,0.06,0,0,0.05,0.01,277631
1,5,H,136197,101367,11069,0.55,0.41,0.04,8677,194768,35886,9302,0.03,0.78,0.14,0.04,8382,3119,237132,0.03,0.01,0.95,79101,160324,9208,0.32,0.64,0.04,248633,0,0,0,1,0,0,0,227545,11245,9843,0.92,0.05,0.04,215450,23204,9979,0.87,0.09,0.04,59580,18874,76446,82352,0.75,0.24,0.48,0.51,8677,194768,35886,0,0,0,0,0,0,0,0,0,0.03,0.78,0.14,0,0,0,0,0,0,0,0,0,4853,3507,119829,72628,11060,24718,0.56,0.4,0.62,0.37,0.31,0.69,1426,415,1426,415,1426,415,0.16,0.05,0.01,0,0.04,0.01,248633
1,5,M,45269,188844,3240,0.19,0.8,0.01,5367,176197,53113,2676,0.02,0.74,0.22,0.01,12394,3144,221815,0.05,0.01,0.93,124592,109907,2854,0.52,0.46,0.01,103506,76288,41295,16264,0.44,0.32,0.17,0.07,223122,11917,2314,0.94,0.05,0.01,205251,29687,2415,0.86,0.13,0.01,17285,107051,27898,81447,0.14,0.86,0.25,0.74,2758,60950,37492,814,62603,12710,822,37790,2569,973,14854,342,0.03,0.59,0.36,0.01,0.82,0.17,0.02,0.92,0.06,0.06,0.91,0.02,741,4415,31760,143540,12612,40410,0.14,0.82,0.18,0.81,0.24,0.76,3173,682,3173,682,3173,682,0.59,0.13,0.02,0,0.06,0.01,237353
1,6,H,152045,57792,6289,0.7,0.27,0.03,10538,167062,34016,4510,0.05,0.77,0.16,0.02,8569,3162,204395,0.04,0.01,0.95,122058,89885,4183,0.56,0.42,0.02,216126,0,0,0,1,0,0,0,201503,9338,5285,0.93,0.04,0.02,185650,25184,5292,0.86,0.12,0.02,96828,24209,55083,33524,0.79,0.2,0.61,0.37,10538,167062,34016,0,0,0,0,0,0,0,0,0,0.05,0.77,0.16,0,0,0,0,0,0,0,0,0,6757,3482,124093,40812,20658,13194,0.64,0.33,0.74,0.24,0.61,0.39,1560,483,1560,483,1560,483,0.15,0.05,0.01,0,0.05,0.01,216126
1,6,M,57644,156220,2852,0.27,0.72,0.01,6918,156884,50382,2532,0.03,0.72,0.23,0.01,12632,3192,200892,0.06,0.01,0.93,143079,71080,2557,0.66,0.33,0.01,53864,55628,59134,48090,0.25,0.26,0.27,0.22,205363,9311,2042,0.95,0.04,0.01,186262,28346,2108,0.86,0.13,0.01,29040,113797,28507,42121,0.2,0.8,0.4,0.59,2477,28390,20949,740,36969,17773,1070,48641,9285,2631,42884,2375,0.05,0.53,0.39,0.01,0.66,0.32,0.02,0.82,0.16,0.05,0.89,0.05,1085,5653,34844,121343,21511,28758,0.16,0.82,0.22,0.77,0.43,0.57,3262,752,3262,752,3262,752,0.47,0.11,0.02,0,0.06,0.01,216716
1,7,H,145617,41287,5440,0.76,0.21,0.03,13235,148533,26790,3786,0.07,0.77,0.14,0.02,8656,3219,180469,0.05,0.02,0.94,133150,55840,3354,0.69,0.29,0.02,192344,0,0,0,1,0,0,0,180878,6999,4467,0.94,0.04,0.02,165872,21961,4511,0.86,0.11,0.02,107944,24024,37552,17209,0.81,0.18,0.67,0.31,13235,148533,26790,0,0,0,0,0,0,0,0,0,0.07,0.77,0.14,0,0,0,0,0,0,0,0,0,9219,3657,116185,30451,19700,6897,0.7,0.28,0.78,0.21,0.74,0.26,1444,406,1444,406,1444,406,0.11,0.03,0.01,0,0.05,0.02,192344
1,7,M,58369,136101,2473,0.3,0.69,0.01,9255,145064,40365,2259,0.05,0.74,0.2,0.01,13185,3316,180442,0.07,0.02,0.92,141476,53332,2135,0.72,0.27,0.01,31537,31920,55284,78202,0.16,0.16,0.28,0.4,188421,6713,1809,0.96,0.03,0.01,172339,22766,1838,0.88,0.12,0.01,33880,107331,24423,28528,0.24,0.76,0.46,0.53,2478,17725,9623,681,19125,12033,1146,41136,12847,4950,67078,5862,0.08,0.56,0.31,0.02,0.6,0.38,0.02,0.74,0.23,0.06,0.86,0.07,1614,7442,35996,108542,20586,19679,0.17,0.8,0.25,0.75,0.51,0.49,3038,609,3038,609,3038,609,0.33,0.07,0.02,0,0.08,0.02,196943
1,8,H,139498,34975,4498,0.78,0.2,0.03,15491,138322,22334,2824,0.09,0.77,0.12,0.02,9404,3348,166219,0.05,0.02,0.93,132854,43607,2510,0.74,0.24,0.01,178971,0,0,0,1,0,0,0,169897,5493,3581,0.95,0.03,0.02,156929,18398,3644,0.88,0.1,0.02,108709,22917,30682,12026,0.82,0.17,0.7,0.28,15491,138322,22334,0,0,0,0,0,0,0,0,0,0.09,0.77,0.12,0,0,0,0,0,0,0,0,0,11389,3786,110325,26215,17367,4792,0.74,0.24,0.8,0.19,0.78,0.21,1536,367,1536,367,1536,367,0.1,0.02,0.01,0,0.07,0.02,178971
1,8,M,58761,121780,2319,0.32,0.67,0.01,11644,135161,33969,2086,0.06,0.74,0.19,0.01,13771,3392,165697,0.08,0.02,0.91,132992,47913,1955,0.73,0.26,0.01,23951,20428,44985,93496,0.13,0.11,0.25,0.51,176097,5144,1619,0.96,0.03,0.01,163756,17421,1683,0.9,0.1,0.01,35249,97466,23445,24102,0.27,0.73,0.49,0.5,2482,14233,5618,686,12137,7556,1162,31508,12229,7314,77283,8566,0.1,0.59,0.23,0.03,0.59,0.37,0.03,0.7,0.27,0.08,0.83,0.09,2306,9135,37130,97532,19162,14727,0.2,0.78,0.27,0.72,0.56,0.43,2870,584,2870,584,2870,584,0.25,0.05,0.02,0,0.08,0.02,182860
1,9,H,124100,29635,3499,0.79,0.19,0.02,17920,120450,16674,2190,0.11,0.77,0.11,0.01,8930,3022,145282,0.06,0.02,0.92,119523,35825,1886,0.76,0.23,0.01,157234,0,0,0,1,0,0,0,150527,3993,2714,0.96,0.03,0.02,140940,13561,2733,0.9,0.09,0.02,98034,20428,25972,9166,0.82,0.17,0.72,0.26,17920,120450,16674,0,0,0,0,0,0,0,0,0,0.11,0.77,0.11,0,0,0,0,0,0,0,0,0,13689,3967,96788,22220,13246,3293,0.76,0.22,0.8,0.18,0.79,0.2,1157,270,1157,270,1157,270,0.06,0.02,0.01,0,0.07,0.02,157234
1,9,M,51127,105683,2014,0.32,0.67,0.01,14437,117914,24493,1980,0.09,0.74,0.15,0.01,13916,3148,141760,0.09,0.02,0.89,115752,41369,1703,0.73,0.26,0.01,18674,13689,31946,94515,0.12,0.09,0.2,0.6,153674,3687,1463,0.97,0.02,0.01,145123,12191,1510,0.91,0.08,0.01,30944,84575,20127,20935,0.27,0.73,0.49,0.51,2525,11299,3400,715,8566,4370,1233,22337,8301,9964,75712,8422,0.14,0.61,0.18,0.05,0.63,0.32,0.04,0.7,0.26,0.11,0.8,0.09,2788,11484,32906,84621,15258,9165,0.19,0.8,0.28,0.72,0.62,0.37,2409,469,2409,469,2409,469,0.17,0.03,0.02,0,0.1,0.02,158824
1,10,H,118659,28032,3328,0.79,0.19,0.02,19919,114552,13496,2052,0.13,0.76,0.09,0.01,9738,3101,137180,0.06,0.02,0.91,114184,34036,1799,0.76,0.23,0.01,150019,0,0,0,1,0,0,0,144415,3140,2464,0.96,0.02,0.02,136767,10787,2465,0.91,0.07,0.02,93693,19463,24879,8540,0.82,0.17,0.73,0.25,19919,114552,13496,0,0,0,0,0,0,0,0,0,0.13,0.76,0.09,0,0,0,0,0,0,0,0,0,15326,4269,91977,21263,11025,2385,0.77,0.21,0.8,0.19,0.82,0.18,1108,218,1108,218,1108,218,0.06,0.01,0.01,0,0.08,0.02,150019
1,10,M,46722,100269,1965,0.31,0.67,0.01,16555,110473,20014,1914,0.11,0.74,0.13,0.01,15135,3178,130643,0.1,0.02,0.88,106751,40600,1605,0.72,0.27,0.01,17196,11333,25632,94795,0.12,0.08,0.17,0.64,144595,2901,1460,0.97,0.02,0.01,137947,9534,1475,0.93,0.06,0.01,28016,78481,18663,21650,0.26,0.74,0.46,0.53,2606,10407,2752,713,7376,3214,1401,18024,6158,11835,74666,7890,0.15,0.61,0.16,0.06,0.65,0.28,0.05,0.7,0.24,0.12,0.79,0.08,3195,13182,29764,80361,13619,6337,0.19,0.8,0.27,0.73,0.68,0.32,2242,386,2242,386,2242,386,0.14,0.02,0.02,0,0.11,0.02,148956
1,11,H,108300,27319,2825,0.78,0.2,0.02,23187,102492,11154,1611,0.17,0.74,0.08,0.01,10121,2977,125346,0.07,0.02,0.91,104955,32162,1327,0.76,0.23,0.01,138444,0,0,0,1,0,0,0,134001,2546,1897,0.97,0.02,0.01,127975,8588,1881,0.92,0.06,0.01,84807,19115,23431,8167,0.81,0.18,0.73,0.25,23187,102492,11154,0,0,0,0,0,0,0,0,0,0.17,0.74,0.08,0,0,0,0,0,0,0,0,0,17813,5040,81052,20202,9106,1952,0.77,0.22,0.79,0.2,0.82,0.18,996,167,996,167,996,167,0.04,0.01,0.01,0,0.09,0.01,138444
1,11,M,38929,92693,1952,0.29,0.69,0.01,19505,97076,15161,1832,0.15,0.73,0.11,0.01,15577,2923,115074,0.12,0.02,0.86,91261,40798,1515,0.68,0.31,0.01,15700,9450,19648,88776,0.12,0.07,0.15,0.66,130077,2109,1388,0.97,0.02,0.01,125160,7015,1399,0.94,0.05,0.01,21910,69098,16982,23485,0.24,0.76,0.42,0.58,2752,9391,2178,867,6263,2297,1396,13899,4292,14490,67523,6394,0.18,0.6,0.14,0.09,0.66,0.24,0.07,0.71,0.22,0.16,0.76,0.07,3576,15724,24424,72269,10778,4341,0.18,0.81,0.25,0.74,0.71,0.29,1937,260,1937,260,1937,260,0.1,0.01,0.02,0,0.13,0.02,133574
1,12,H,90188,24874,2740,0.77,0.21,0.02,25505,82877,7983,1437,0.22,0.7,0.07,0.01,10026,2726,105050,0.09,0.02,0.89,87865,28791,1146,0.75,0.24,0.01,117802,0,0,0,1,0,0,0,114509,1801,1492,0.97,0.02,0.01,110025,6286,1491,0.93,0.05,0.01,69366,17447,20767,7401,0.79,0.2,0.72,0.26,25505,82877,7983,0,0,0,0,0,0,0,0,0,0.22,0.7,0.07,0,0,0,0,0,0,0,0,0,19489,5561,63850,17809,6555,1367,0.76,0.22,0.77,0.21,0.82,0.17,776,99,776,99,776,99,0.03,0,0.01,0,0.1,0.01,117802
1,12,M,29303,82977,1816,0.26,0.73,0.02,22065,79929,10523,1579,0.19,0.7,0.09,0.01,14475,2443,97178,0.13,0.02,0.85,72857,39996,1243,0.64,0.35,0.01,13660,7035,13670,79731,0.12,0.06,0.12,0.7,111327,1634,1135,0.98,0.01,0.01,107505,5459,1132,0.94,0.05,0.01,15502,57052,13773,25826,0.21,0.78,0.34,0.65,2808,8168,1559,837,4701,1471,1395,9593,2633,17025,57467,4860,0.21,0.6,0.11,0.12,0.67,0.21,0.1,0.7,0.19,0.21,0.72,0.06,3515,18266,18090,61422,7548,2928,0.16,0.83,0.23,0.77,0.72,0.28,1354,156,1354,156,1354,156,0.06,0.01,0.02,0,0.13,0.01,114096
1,13,H,67169,22575,2497,0.73,0.24,0.03,25288,59998,5983,972,0.27,0.65,0.06,0.01,9044,2201,80996,0.1,0.02,0.88,67378,24160,703,0.73,0.26,0.01,92241,0,0,0,1,0,0,0,90151,1296,794,0.98,0.01,0.01,86939,4505,797,0.94,0.05,0.01,50812,15359,16311,7186,0.75,0.23,0.68,0.3,25288,59998,5983,0,0,0,0,0,0,0,0,0,0.27,0.65,0.06,0,0,0,0,0,0,0,0,0,18010,6567,43978,14864,4931,1008,0.71,0.26,0.73,0.25,0.82,0.17,621,61,621,61,621,61,0.02,0,0.01,0,0.1,0.01,92241
1,13,M,18953,67530,1634,0.22,0.77,0.02,22387,57827,6749,1154,0.25,0.66,0.08,0.01,12022,1885,74210,0.14,0.02,0.84,51751,35480,886,0.59,0.4,0.01,10654,4927,8336,64200,0.12,0.06,0.09,0.73,86220,1125,772,0.98,0.01,0.01,83612,3710,795,0.95,0.04,0.01,9022,42385,9904,25068,0.17,0.82,0.28,0.71,2747,6056,1063,818,3219,873,1200,5640,1469,17622,42912,3344,0.26,0.57,0.1,0.17,0.65,0.18,0.14,0.68,0.18,0.27,0.67,0.05,2799,19223,11041,46303,5016,1697,0.13,0.86,0.19,0.8,0.74,0.25,874,96,874,96,874,96,0.04,0,0.02,0,0.13,0.01,88117
1,14,H,49178,21200,2576,0.67,0.29,0.04,23619,45226,3438,671,0.32,0.62,0.05,0.01,8662,1636,62656,0.12,0.02,0.86,52446,20109,399,0.72,0.28,0.01,72954,0,0,0,1,0,0,0,71590,940,424,0.98,0.01,0.01,69356,3182,416,0.95,0.04,0.01,36530,14462,12618,6716,0.7,0.28,0.63,0.33,23619,45226,3438,0,0,0,0,0,0,0,0,0,0.32,0.62,0.05,0,0,0,0,0,0,0,0,0,15416,7260,30672,13284,2872,533,0.65,0.31,0.68,0.29,0.84,0.16,355,44,355,44,355,44,0.02,0,0.01,0,0.1,0.01,72954
1,14,M,11378,55895,1597,0.17,0.81,0.02,21640,43040,3366,824,0.31,0.62,0.05,0.01,10572,1605,56693,0.15,0.02,0.82,37046,31256,568,0.54,0.45,0.01,8429,3197,4943,52301,0.12,0.05,0.07,0.76,67609,754,507,0.98,0.01,0.01,66013,2347,510,0.96,0.03,0.01,4978,31695,6385,24145,0.13,0.86,0.2,0.77,2561,4668,676,705,2101,377,938,3383,605,17436,32888,1708,0.3,0.55,0.08,0.22,0.66,0.12,0.19,0.68,0.12,0.33,0.63,0.03,2167,18988,6615,35820,2525,814,0.1,0.88,0.15,0.83,0.75,0.24,416,38,416,38,416,38,0.02,0,0.01,0,0.12,0.01,68870
1,15,H,30740,19450,3126,0.58,0.36,0.06,20225,30974,1620,497,0.38,0.58,0.03,0.01,7229,1273,44814,0.14,0.02,0.84,36732,16284,300,0.69,0.31,0.01,53316,0,0,0,1,0,0,0,52424,550,342,0.98,0.01,0.01,51072,1919,325,0.96,0.04,0.01,22244,12677,8477,6757,0.61,0.35,0.52,0.41,20225,30974,1620,0,0,0,0,0,0,0,0,0,0.38,0.58,0.03,0,0,0,0,0,0,0,0,0,10973,7889,18311,11160,1326,277,0.54,0.39,0.59,0.36,0.82,0.17,203,15,203,15,203,15,0.01,0,0.01,0,0.13,0.01,53316
1,15,M,5474,42299,1775,0.11,0.85,0.04,18571,29010,1450,517,0.37,0.59,0.03,0.01,8359,1221,39968,0.17,0.02,0.81,23338,25893,317,0.47,0.52,0.01,6023,2043,2852,38630,0.12,0.04,0.06,0.78,48810,426,312,0.99,0.01,0.01,47794,1444,310,0.96,0.03,0.01,2059,20770,3407,21493,0.09,0.89,0.13,0.83,2223,3194,314,598,1261,176,712,1922,204,15038,22633,756,0.37,0.53,0.05,0.29,0.62,0.09,0.25,0.67,0.07,0.39,0.59,0.02,1216,16602,3241,25042,978,446,0.07,0.89,0.11,0.86,0.67,0.31,197,22,197,22,197,22,0.01,0,0.01,0,0.14,0.02,49548
1,16,H,18138,18091,3791,0.45,0.45,0.09,18185,20766,667,402,0.45,0.52,0.02,0.01,6177,995,32848,0.15,0.02,0.82,25492,14284,244,0.64,0.36,0.01,40020,0,0,0,1,0,0,0,39322,382,316,0.98,0.01,0.01,38513,1196,311,0.96,0.03,0.01,12306,11129,5813,6953,0.48,0.44,0.41,0.49,18185,20766,667,0,0,0,0,0,0,0,0,0,0.45,0.52,0.02,0,0,0,0,0,0,0,0,0,7622,8597,9920,9250,502,146,0.42,0.47,0.48,0.45,0.75,0.22,95,11,95,11,95,11,0.01,0,0,0,0.14,0.02,40020
1,16,M,3175,33471,2306,0.08,0.86,0.06,17677,20327,566,382,0.45,0.52,0.01,0.01,7017,877,31058,0.18,0.02,0.8,15060,23657,235,0.39,0.61,0.01,4893,1466,1721,30872,0.13,0.04,0.04,0.79,38379,342,231,0.99,0.01,0.01,37679,1043,230,0.97,0.03,0.01,969,13483,2201,19949,0.06,0.9,0.09,0.84,2145,2393,155,547,862,49,604,1038,68,14381,16034,294,0.44,0.49,0.03,0.37,0.59,0.03,0.35,0.6,0.04,0.47,0.52,0.01,903,15575,1896,17534,350,193,0.05,0.88,0.09,0.86,0.62,0.34,88,6,88,6,88,6,0,0,0,0,0.16,0.01,38952
1,17,H,7464,13981,3644,0.3,0.56,0.15,12849,11701,248,291,0.51,0.47,0.01,0.01,4344,580,20165,0.17,0.02,0.8,14663,10280,146,0.58,0.41,0.01,25089,0,0,0,1,0,0,0,24660,197,232,0.98,0.01,0.01,24156,701,232,0.96,0.03,0.01,4796,7965,2662,6009,0.33,0.54,0.26,0.58,12849,11701,248,0,0,0,0,0,0,0,0,0,0.51,0.47,0.01,0,0,0,0,0,0,0,0,0,3331,7448,3898,6381,180,52,0.26,0.58,0.33,0.55,0.73,0.21,31,2,31,2,31,2,0,0,0,0,0.13,0.01,25089
1,17,M,1580,22041,2587,0.06,0.84,0.1,13191,12456,209,352,0.5,0.48,0.01,0.01,5019,588,20601,0.19,0.02,0.79,7383,18612,213,0.28,0.71,0.01,3734,917,995,20562,0.14,0.03,0.04,0.78,25797,198,213,0.98,0.01,0.01,25352,649,207,0.97,0.02,0.01,356,6505,1221,15503,0.05,0.88,0.07,0.83,1846,1639,62,403,489,16,407,557,23,10535,9771,108,0.49,0.44,0.02,0.44,0.53,0.02,0.41,0.56,0.02,0.51,0.48,0.01,479,11283,964,10524,122,79,0.04,0.86,0.08,0.84,0.58,0.38,31,3,31,3,31,3,0,0,0,0,0.15,0.01,26208
1,18,H,2650,7878,2224,0.21,0.62,0.17,7036,5438,124,154,0.55,0.43,0.01,0.01,2241,310,10201,0.18,0.02,0.8,6627,6046,79,0.52,0.47,0.01,12752,0,0,0,1,0,0,0,12508,95,149,0.98,0.01,0.01,12254,345,153,0.96,0.03,0.01,1541,4057,1108,3817,0.23,0.61,0.18,0.63,7036,5438,124,0,0,0,0,0,0,0,0,0,0.55,0.43,0.01,0,0,0,0,0,0,0,0,0,1224,4454,1333,3323,77,40,0.17,0.63,0.25,0.61,0.62,0.32,28,2,28,2,28,2,0,0,0.01,0,0.23,0.02,12752
1,18,M,752,11401,1909,0.05,0.81,0.14,7621,6133,97,211,0.54,0.44,0.01,0.02,2717,282,11063,0.19,0.02,0.79,2850,11082,130,0.2,0.79,0.01,2085,497,528,10952,0.15,0.04,0.04,0.78,13804,108,150,0.98,0.01,0.01,13544,363,155,0.96,0.03,0.01,161,2376,590,9012,0.06,0.83,0.05,0.81,1118,820,33,241,240,12,242,274,8,6020,4799,44,0.54,0.39,0.02,0.48,0.48,0.02,0.46,0.52,0.02,0.55,0.44,0,246,6259,448,5008,49,43,0.03,0.82,0.07,0.82,0.51,0.44,14,4,14,4,14,4,0,0,0,0,0.14,0.04,14062
1,19,H,764,3460,1128,0.14,0.65,0.21,3136,2107,35,74,0.59,0.39,0.01,0.01,897,117,4338,0.17,0.02,0.81,2370,2926,56,0.44,0.55,0.01,5352,0,0,0,1,0,0,0,5229,32,91,0.98,0.01,0.02,5114,144,94,0.96,0.03,0.02,408,1562,355,1896,0.17,0.66,0.12,0.65,3136,2107,35,0,0,0,0,0,0,0,0,0,0.59,0.39,0.01,0,0,0,0,0,0,0,0,0,327,2097,411,1334,21,9,0.1,0.67,0.2,0.63,0.6,0.26,3,0,3,0,3,0,0,0,0,0,0.09,0,5352
1,19,M,317,4608,1041,0.05,0.77,0.17,3343,2497,33,93,0.56,0.42,0.01,0.02,1091,133,4742,0.18,0.02,0.79,889,5015,62,0.15,0.84,0.01,855,233,233,4645,0.14,0.04,0.04,0.78,5843,47,76,0.98,0.01,0.01,5727,161,78,0.96,0.03,0.01,54,714,260,3886,0.06,0.8,0.05,0.77,462,330,12,115,112,4,113,114,5,2653,1941,12,0.54,0.39,0.01,0.49,0.48,0.02,0.48,0.49,0.02,0.57,0.42,0,98,2641,201,1912,13,17,0.03,0.79,0.08,0.77,0.39,0.52,2,1,2,1,2,1,0,0,0,0,0.06,0.03,5966
1,20,H,251,1013,345,0.16,0.63,0.21,926,635,24,24,0.58,0.39,0.01,0.01,241,24,1344,0.15,0.01,0.84,610,978,21,0.38,0.61,0.01,1609,0,0,0,1,0,0,0,1552,16,41,0.96,0.01,0.03,1524,43,42,0.95,0.03,0.03,135,356,116,656,0.22,0.58,0.12,0.67,926,635,24,0,0,0,0,0,0,0,0,0,0.58,0.39,0.01,0,0,0,0,0,0,0,0,0,83,615,156,385,10,8,0.09,0.66,0.25,0.61,0.42,0.33,0,0,0,0,0,0,0,0,0,0,0,0,1609
1,20,M,108,1491,359,0.06,0.76,0.18,1148,750,21,39,0.59,0.38,0.01,0.02,297,45,1616,0.15,0.02,0.83,256,1679,23,0.13,0.86,0.01,352,66,79,1461,0.18,0.03,0.04,0.75,1916,18,24,0.98,0.01,0.01,1879,56,23,0.96,0.03,0.01,28,195,80,1291,0.11,0.76,0.05,0.77,188,134,10,32,31,2,33,42,4,895,543,5,0.53,0.38,0.03,0.48,0.47,0.03,0.42,0.53,0.05,0.61,0.37,0,32,893,64,573,11,9,0.03,0.78,0.09,0.76,0.52,0.43,1,0,1,0,1,0,0,0,0,0,0.05,0,1958
1,21,H,279,327,97,0.4,0.47,0.14,307,349,26,21,0.44,0.5,0.04,0.03,70,18,615,0.1,0.03,0.87,324,362,17,0.46,0.51,0.02,703,0,0,0,1,0,0,0,666,28,9,0.95,0.04,0.01,628,59,16,0.89,0.08,0.02,191,112,88,215,0.59,0.35,0.24,0.59,307,349,26,0,0,0,0,0,0,0,0,0,0.44,0.5,0.04,0,0,0,0,0,0,0,0,0,74,174,185,140,19,7,0.24,0.57,0.53,0.4,0.73,0.27,0,0,0,0,0,0,0,0,0,0,0,0,703
1,21,M,83,586,112,0.11,0.75,0.14,374,340,39,28,0.48,0.44,0.05,0.04,93,12,676,0.12,0.02,0.87,227,531,23,0.29,0.68,0.03,183,51,47,500,0.23,0.07,0.06,0.64,741,26,14,0.95,0.03,0.02,705,61,15,0.9,0.08,0.02,37,176,46,406,0.16,0.78,0.09,0.76,60,83,22,21,24,6,15,30,1,278,203,10,0.33,0.45,0.12,0.41,0.47,0.12,0.32,0.64,0.02,0.56,0.41,0.02,16,297,47,259,18,21,0.04,0.79,0.14,0.76,0.46,0.54,2,1,2,1,2,1,0.01,0,0.01,0,0.05,0.03,781
2,1,H,0,0,57428,0,0,1,0,0,0,57428,0,0,0,1,3293,809,53326,0.06,0.01,0.93,0,0,57428,0,0,1,57428,0,0,0,1,0,0,0,42779,787,13862,0.74,0.01,0.24,0,0,57428,0,0,1,0,0,0,0,0,0,0,0,0,0,0,0,0,0,0,0,0,0,0,0,0,0,0,0,0,0,0,0,0,0,0,0,0,0,0,0,0,0,0,0,0,0,0,0,0,0,0,0,0,0,0,0,0,0,0,0,57428
2,1,M,0,0,55892,0,0,1,0,0,0,55892,0,0,0,1,3005,790,52097,0.05,0.01,0.93,0,0,55892,0,0,1,55892,0,0,0,1,0,0,0,41331,748,13813,0.74,0.01,0.25,0,0,55892,0,0,1,0,0,0,0,0,0,0,0,0,0,0,0,0,0,0,0,0,0,0,0,0,0,0,0,0,0,0,0,0,0,0,0,0,0,0,0,0,0,0,0,0,0,0,0,0,0,0,0,0,0,0,0,0,0,0,0,55892
2,2,H,0,0,63748,0,0,1,5485,52812,0,5451,0.09,0.83,0,0.09,2458,689,60601,0.04,0.01,0.95,0,0,63748,0,0,1,63748,0,0,0,1,0,0,0,58297,794,4657,0.91,0.01,0.07,55391,2153,6204,0.87,0.03,0.1,0,0,0,0,0,0,0,0,5485,52812,0,0,0,0,0,0,0,0,0,0,0.09,0.83,0,0,0,0,0,0,0,0,0,0,0,0,0,0,0,0,0,0,0,0,0,0,0,0,0,0,0,0,0,0,0,0,0,0,63748
2,2,M,0,0,60945,0,0,1,5198,50649,0,5098,0.09,0.83,0,0.08,2351,668,57926,0.04,0.01,0.95,0,0,60945,0,0,1,60945,0,0,0,1,0,0,0,55873,732,4340,0.92,0.01,0.07,52942,2041,5962,0.87,0.03,0.1,0,0,0,0,0,0,0,0,5198,50649,0,0,0,0,0,0,0,0,0,0,0.09,0.83,0,0,0,0,0,0,0,0,0,0,0,0,0,0,0,0,0,0,0,0,0,0,0,0,0,0,0,0,0,0,0,0,0,0,60945
2,3,H,1838,50519,8500,0.03,0.83,0.14,3074,55843,0,1940,0.05,0.92,0,0.03,2089,569,58199,0.03,0.01,0.96,2483,50935,7439,0.04,0.84,0.12,60857,0,0,0,1,0,0,0,54692,703,5462,0.9,0.01,0.09,53539,1902,5416,0.88,0.03,0.09,485,1873,1271,46949,0.2,0.75,0.02,0.92,3074,55843,0,0,0,0,0,0,0,0,0,0,0.05,0.92,0,0,0,0,0,0,0,0,0,0,389,2337,1346,47523,0,0,0.13,0.76,0.02,0.85,0,0,0,0,0,0,0,0,0,0,0,0,0,0,60857
2,3,M,941,49094,8367,0.02,0.84,0.14,2836,53836,0,1730,0.05,0.92,0,0.03,2077,589,55736,0.04,0.01,0.95,2597,48602,7203,0.04,0.83,0.12,57696,363,122,221,0.99,0.01,0,0,52236,781,5385,0.89,0.01,0.09,51111,1943,5348,0.88,0.03,0.09,222,2263,670,45295,0.09,0.87,0.01,0.93,2774,53231,0,45,291,0,12,102,0,5,212,0,0.05,0.92,0,0.12,0.8,0,0.1,0.84,0,0.02,0.96,0,249,2249,651,46248,0,0,0.09,0.79,0.01,0.86,0,0,0,0,0,0,0,0,0,0,0,0,0,0,58402
2,4,H,7579,41071,8112,0.13,0.72,0.14,3538,48430,1066,3728,0.06,0.85,0.02,0.07,1826,511,54425,0.03,0.01,0.96,4528,43013,9221,0.08,0.76,0.16,56762,0,0,0,1,0,0,0,48917,995,6850,0.86,0.02,0.12,48083,1889,6790,0.85,0.03,0.12,1478,2921,5888,36723,0.33,0.65,0.14,0.85,3538,48430,1066,0,0,0,0,0,0,0,0,0,0.06,0.85,0.02,0,0,0,0,0,0,0,0,0,963,2377,6291,37185,93,961,0.27,0.67,0.13,0.77,0.09,0.9,40,7,40,7,40,7,0.01,0,0,0,0.04,0.01,56762
2,4,M,3174,43106,5703,0.06,0.83,0.11,3359,45090,1607,1927,0.06,0.87,0.03,0.04,2099,483,49401,0.04,0.01,0.95,11478,33957,6548,0.22,0.65,0.13,43995,6100,1425,463,0.85,0.12,0.03,0.01,46574,942,4467,0.9,0.02,0.09,45581,1944,4458,0.88,0.04,0.09,1145,10094,1935,31693,0.1,0.88,0.06,0.93,2601,38221,1502,453,5416,93,198,1155,8,107,298,4,0.06,0.87,0.03,0.07,0.89,0.02,0.14,0.81,0.01,0.23,0.64,0.01,474,2706,2482,38197,115,1482,0.14,0.81,0.06,0.85,0.07,0.92,86,12,86,12,86,12,0.03,0,0,0,0.05,0.01,51983
2,5,H,15730,24483,5899,0.34,0.53,0.13,4109,33953,3006,5044,0.09,0.74,0.07,0.11,1473,385,44254,0.03,0.01,0.96,14203,25918,5991,0.31,0.56,0.13,46112,0,0,0,1,0,0,0,39953,1125,5034,0.87,0.02,0.11,39082,2004,5026,0.85,0.04,0.11,6860,7071,8663,16998,0.48,0.5,0.33,0.66,4109,33953,3006,0,0,0,0,0,0,0,0,0,0.09,0.74,0.07,0,0,0,0,0,0,0,0,0,1503,2464,13004,19385,824,2163,0.37,0.6,0.38,0.57,0.27,0.72,123,23,123,23,123,23,0.03,0.01,0,0,0.04,0.01,46112
2,5,M,6911,31963,2255,0.17,0.78,0.05,4024,30738,4237,2130,0.1,0.75,0.1,0.05,1978,449,38702,0.05,0.01,0.94,21378,17262,2489,0.52,0.42,0.06,20850,9584,6672,4023,0.51,0.23,0.16,0.1,38609,1052,1468,0.94,0.03,0.04,37261,2402,1466,0.91,0.06,0.04,3259,17804,3531,13559,0.15,0.83,0.2,0.79,2042,14183,3129,643,7893,887,636,5654,181,703,3008,40,0.1,0.68,0.15,0.07,0.82,0.09,0.1,0.85,0.03,0.17,0.75,0.01,655,3232,5078,24676,1023,3179,0.16,0.8,0.17,0.8,0.24,0.75,262,35,262,35,262,35,0.07,0.01,0.01,0,0.06,0.01,41129
2,6,H,16447,16279,2207,0.47,0.47,0.06,4247,25501,2980,2205,0.12,0.73,0.09,0.06,1435,441,33057,0.04,0.01,0.95,19412,13406,2115,0.56,0.38,0.06,34933,0,0,0,1,0,0,0,32566,871,1496,0.93,0.02,0.04,31300,2130,1503,0.9,0.06,0.04,10492,8636,5793,7460,0.54,0.44,0.43,0.56,4247,25501,2980,0,0,0,0,0,0,0,0,0,0.12,0.73,0.09,0,0,0,0,0,0,0,0,0,1779,2351,12692,12237,1602,1336,0.42,0.55,0.5,0.48,0.54,0.45,143,42,143,42,143,42,0.03,0.01,0.01,0,0.05,0.01,34933
2,6,M,7542,25550,1568,0.22,0.74,0.05,4455,24047,4220,1938,0.13,0.69,0.12,0.06,1797,452,32411,0.05,0.01,0.94,22384,10515,1761,0.65,0.3,0.05,11750,6153,7056,9701,0.34,0.18,0.2,0.28,32782,928,950,0.95,0.03,0.03,31349,2365,946,0.9,0.07,0.03,4377,17719,3038,7353,0.2,0.79,0.29,0.7,1669,7009,1936,437,4319,1309,618,5538,721,1731,7181,254,0.14,0.6,0.16,0.07,0.7,0.21,0.09,0.78,0.1,0.18,0.74,0.03,737,3590,4784,18829,1826,2357,0.17,0.81,0.2,0.78,0.43,0.56,267,47,267,47,267,47,0.06,0.01,0.01,0,0.06,0.01,34660
2,7,H,15088,13138,1822,0.5,0.44,0.06,4685,20800,2559,2004,0.16,0.69,0.09,0.07,1320,420,28308,0.04,0.01,0.94,20435,7908,1705,0.68,0.26,0.06,30048,0,0,0,1,0,0,0,28132,655,1261,0.94,0.02,0.04,26897,1873,1278,0.9,0.06,0.04,11331,8805,3633,4199,0.55,0.43,0.46,0.53,4685,20800,2559,0,0,0,0,0,0,0,0,0,0.16,0.69,0.09,0,0,0,0,0,0,0,0,0,2053,2547,10984,9379,1644,886,0.44,0.54,0.53,0.45,0.64,0.35,136,37,136,37,136,37,0.03,0.01,0.01,0,0.05,0.01,30048
2,7,M,7369,21955,1370,0.24,0.72,0.04,5516,19752,3583,1843,0.18,0.64,0.12,0.06,1773,415,28506,0.06,0.01,0.93,21499,7772,1423,0.7,0.25,0.05,8087,3451,5603,13553,0.26,0.11,0.18,0.44,29262,625,807,0.95,0.02,0.03,28026,1866,802,0.91,0.06,0.03,4761,16452,2539,5130,0.22,0.77,0.33,0.66,1823,4277,1029,341,2029,1011,537,3997,960,2815,9449,583,0.23,0.53,0.13,0.1,0.59,0.29,0.1,0.71,0.17,0.21,0.7,0.04,989,4402,4341,15049,1871,1690,0.18,0.8,0.22,0.76,0.52,0.47,242,47,242,47,242,47,0.04,0.01,0.01,0,0.07,0.01,30694
2,8,H,13416,11037,1486,0.52,0.43,0.06,4764,17297,2168,1710,0.18,0.67,0.08,0.07,1324,362,24253,0.05,0.01,0.94,18851,5766,1322,0.73,0.22,0.05,25939,0,0,0,1,0,0,0,24371,515,1053,0.94,0.02,0.04,23328,1557,1054,0.9,0.06,0.04,10626,7960,2717,2985,0.56,0.42,0.47,0.52,4764,17297,2168,0,0,0,0,0,0,0,0,0,0.18,0.67,0.08,0,0,0,0,0,0,0,0,0,2099,2573,9452,7534,1505,635,0.44,0.54,0.55,0.44,0.69,0.29,147,24,147,24,147,24,0.03,0.01,0.01,0,0.07,0.01,25939
2,8,M,6642,18514,1191,0.25,0.7,0.05,5773,16052,2779,1743,0.22,0.61,0.11,0.07,1736,416,24195,0.07,0.02,0.92,19070,6023,1254,0.72,0.23,0.05,5913,2133,4123,14178,0.22,0.08,0.16,0.54,25127,454,766,0.95,0.02,0.03,24165,1401,781,0.92,0.05,0.03,4493,14348,2065,3884,0.24,0.75,0.34,0.64,1612,2877,537,292,1238,571,454,2708,875,3415,9229,796,0.27,0.49,0.09,0.14,0.58,0.27,0.11,0.66,0.21,0.24,0.65,0.06,1043,4617,3809,12002,1610,1150,0.18,0.8,0.24,0.75,0.58,0.41,214,34,214,34,214,34,0.04,0.01,0.01,0,0.08,0.01,26347
2,9,H,11701,9661,1298,0.52,0.43,0.06,4754,14747,1544,1615,0.21,0.65,0.07,0.07,1278,356,21026,0.06,0.02,0.93,16857,4635,1168,0.74,0.2,0.05,22660,0,0,0,1,0,0,0,21403,360,897,0.94,0.02,0.04,20663,1100,897,0.91,0.05,0.04,9376,7252,2230,2338,0.56,0.43,0.48,0.5,4754,14747,1544,0,0,0,0,0,0,0,0,0,0.21,0.65,0.07,0,0,0,0,0,0,0,0,0,2133,2522,8059,6438,1105,417,0.45,0.53,0.55,0.44,0.72,0.27,112,30,112,30,112,30,0.02,0.01,0.01,0,0.07,0.02,22660
2,9,M,5515,15720,1002,0.25,0.71,0.05,6066,12598,1900,1673,0.27,0.57,0.09,0.08,1643,424,20170,0.07,0.02,0.91,16179,5019,1039,0.73,0.23,0.05,4703,1363,2652,13519,0.21,0.06,0.12,0.61,21215,334,688,0.95,0.02,0.03,20611,965,661,0.93,0.04,0.03,3722,12255,1712,3244,0.23,0.76,0.34,0.65,1567,2024,338,283,752,298,440,1606,548,3776,8216,716,0.33,0.43,0.07,0.21,0.55,0.22,0.17,0.61,0.21,0.28,0.61,0.05,1040,4928,3098,9307,1198,685,0.17,0.81,0.25,0.74,0.63,0.36,195,23,195,23,195,23,0.03,0,0.02,0,0.1,0.01,22237
2,10,H,9954,8141,1129,0.52,0.42,0.06,4357,12230,1206,1431,0.23,0.64,0.06,0.07,1195,350,17679,0.06,0.02,0.92,14428,3752,1044,0.75,0.2,0.05,19224,0,0,0,1,0,0,0,18096,277,851,0.94,0.01,0.04,17543,871,810,0.91,0.05,0.04,8084,6164,1780,1921,0.56,0.43,0.47,0.51,4357,12230,1206,0,0,0,0,0,0,0,0,0,0.23,0.64,0.06,0,0,0,0,0,0,0,0,0,1953,2319,6773,5259,913,285,0.45,0.53,0.55,0.43,0.76,0.24,91,23,91,23,91,23,0.02,0.01,0.01,0,0.08,0.02,19224
2,10,M,4781,13209,837,0.25,0.7,0.04,5304,10618,1502,1403,0.28,0.56,0.08,0.07,1692,402,16733,0.09,0.02,0.89,13431,4550,846,0.71,0.24,0.04,3937,1048,2099,11743,0.21,0.06,0.11,0.62,18003,222,602,0.96,0.01,0.03,17593,665,569,0.93,0.04,0.03,3131,10126,1599,2895,0.23,0.75,0.35,0.64,1368,1643,259,237,577,201,371,1283,383,3328,7115,659,0.35,0.42,0.07,0.23,0.55,0.19,0.18,0.61,0.18,0.28,0.61,0.06,915,4290,2689,7787,1006,482,0.17,0.81,0.25,0.73,0.67,0.32,164,27,164,27,164,27,0.03,0.01,0.02,0,0.11,0.02,18827
2,11,H,8627,7010,715,0.53,0.43,0.04,4241,10202,913,996,0.26,0.62,0.06,0.06,1226,352,14774,0.07,0.02,0.9,12351,3422,579,0.76,0.21,0.04,16352,0,0,0,1,0,0,0,15699,220,433,0.96,0.01,0.03,15280,672,400,0.93,0.04,0.02,6905,5268,1666,1691,0.56,0.43,0.49,0.49,4241,10202,913,0,0,0,0,0,0,0,0,0,0.26,0.62,0.06,0,0,0,0,0,0,0,0,0,1958,2194,5683,4338,687,214,0.46,0.52,0.56,0.43,0.75,0.23,90,14,90,14,90,14,0.02,0,0.01,0,0.1,0.02,16352
2,11,M,3991,11193,806,0.25,0.7,0.05,5156,8444,1090,1300,0.32,0.53,0.07,0.08,1657,402,13931,0.1,0.03,0.87,10996,4189,805,0.69,0.26,0.05,3433,888,1580,10089,0.21,0.06,0.1,0.63,15237,186,567,0.95,0.01,0.04,14898,545,547,0.93,0.03,0.03,2552,8298,1379,2745,0.23,0.75,0.33,0.66,1305,1273,179,244,471,141,371,892,253,3236,5808,517,0.38,0.37,0.05,0.27,0.53,0.16,0.23,0.56,0.16,0.32,0.58,0.05,847,4223,2186,6137,814,263,0.16,0.82,0.26,0.73,0.75,0.24,118,32,118,32,118,32,0.02,0.01,0.01,0,0.11,0.03,15990
2,12,H,7362,6493,608,0.51,0.45,0.04,4455,8461,680,867,0.31,0.59,0.05,0.06,1233,351,12879,0.09,0.02,0.89,10870,3126,467,0.75,0.22,0.03,14463,0,0,0,1,0,0,0,13954,171,338,0.96,0.01,0.02,13613,524,326,0.94,0.04,0.02,5829,4875,1486,1572,0.54,0.45,0.48,0.5,4455,8461,680,0,0,0,0,0,0,0,0,0,0.31,0.59,0.05,0,0,0,0,0,0,0,0,0,1931,2429,4618,3688,526,145,0.43,0.55,0.55,0.44,0.77,0.21,70,13,70,13,70,13,0.02,0,0.01,0,0.1,0.02,14463
2,12,M,3340,10452,720,0.23,0.72,0.05,5531,6943,809,1229,0.38,0.48,0.06,0.08,1608,357,12547,0.11,0.02,0.86,9418,4386,708,0.65,0.3,0.05,3270,801,1293,9148,0.23,0.06,0.09,0.63,13868,150,494,0.96,0.01,0.03,13633,404,475,0.94,0.03,0.03,1962,7331,1332,2984,0.21,0.78,0.3,0.68,1435,1096,123,298,361,98,408,661,171,3390,4825,417,0.44,0.34,0.04,0.37,0.45,0.12,0.32,0.51,0.13,0.37,0.53,0.05,890,4550,1714,5126,574,226,0.16,0.82,0.25,0.74,0.71,0.28,118,18,118,18,118,18,0.02,0,0.02,0,0.15,0.02,14512
2,13,H,5019,4634,418,0.5,0.46,0.04,3466,5567,443,595,0.34,0.55,0.04,0.06,1070,242,8759,0.11,0.02,0.87,7428,2348,295,0.74,0.23,0.03,10071,0,0,0,1,0,0,0,9760,124,187,0.97,0.01,0.02,9533,357,181,0.95,0.04,0.02,3891,3392,1084,1206,0.52,0.46,0.46,0.51,3466,5567,443,0,0,0,0,0,0,0,0,0,0.34,0.55,0.04,0,0,0,0,0,0,0,0,0,1425,1937,3033,2416,353,85,0.41,0.56,0.54,0.43,0.8,0.19,41,6,41,6,41,6,0.01,0,0.01,0,0.09,0.01,10071
2,13,M,1989,7383,558,0.2,0.74,0.06,4011,4540,477,902,0.4,0.46,0.05,0.09,1213,265,8452,0.12,0.03,0.85,5880,3517,533,0.59,0.35,0.05,2193,543,701,6493,0.22,0.05,0.07,0.65,9478,104,348,0.95,0.01,0.04,9330,266,334,0.94,0.03,0.03,1068,4714,890,2574,0.18,0.8,0.25,0.73,969,680,66,223,237,49,214,380,76,2605,3243,286,0.44,0.31,0.03,0.41,0.44,0.09,0.31,0.54,0.11,0.4,0.5,0.04,583,3339,957,3512,361,110,0.15,0.83,0.21,0.77,0.76,0.23,74,16,74,16,74,16,0.02,0,0.02,0,0.16,0.03,9930
2,14,H,3843,4229,352,0.46,0.5,0.04,3427,4244,242,511,0.41,0.5,0.03,0.06,1017,268,7139,0.12,0.03,0.85,6112,2097,215,0.73,0.25,0.03,8424,0,0,0,1,0,0,0,8215,82,127,0.98,0.01,0.02,8092,215,117,0.96,0.03,0.01,2917,3060,890,1144,0.48,0.5,0.42,0.55,3427,4244,242,0,0,0,0,0,0,0,0,0,0.41,0.5,0.03,0,0,0,0,0,0,0,0,0,1334,1987,2131,2011,192,48,0.39,0.58,0.5,0.47,0.79,0.2,32,1,32,1,32,1,0.01,0,0.01,0,0.13,0,8424
2,14,M,1325,6645,502,0.16,0.78,0.06,4060,3380,256,776,0.48,0.4,0.03,0.09,1084,251,7137,0.13,0.03,0.84,4737,3329,406,0.56,0.39,0.05,2210,428,488,5346,0.26,0.05,0.06,0.63,8117,70,285,0.96,0.01,0.03,8020,172,280,0.95,0.02,0.03,684,3944,622,2625,0.14,0.83,0.19,0.79,1141,622,58,209,169,28,207,226,34,2503,2363,136,0.52,0.28,0.03,0.49,0.39,0.07,0.42,0.46,0.07,0.47,0.44,0.03,480,3468,604,2707,177,76,0.12,0.85,0.18,0.8,0.69,0.3,34,5,34,5,34,5,0.01,0,0.01,0,0.13,0.02,8472
2,15,H,2299,3135,308,0.4,0.55,0.05,2571,2764,85,322,0.45,0.48,0.01,0.06,734,179,4829,0.13,0.03,0.84,4035,1586,121,0.7,0.28,0.02,5742,0,0,0,1,0,0,0,5610,48,84,0.98,0.01,0.01,5512,135,95,0.96,0.02,0.02,1686,2206,598,910,0.42,0.55,0.38,0.57,2571,2764,85,0,0,0,0,0,0,0,0,0,0.45,0.48,0.01,0,0,0,0,0,0,0,0,0,844,1606,1286,1381,66,18,0.33,0.62,0.47,0.5,0.78,0.21,7,0,7,0,7,0,0,0,0,0,0.08,0,5742
2,15,M,738,4784,316,0.13,0.82,0.05,3159,2168,93,418,0.54,0.37,0.02,0.07,853,200,4785,0.15,0.03,0.82,2912,2719,207,0.5,0.47,0.04,1447,324,301,3766,0.25,0.06,0.05,0.65,5665,51,122,0.97,0.01,0.02,5608,113,117,0.96,0.02,0.02,343,2494,379,2232,0.12,0.86,0.14,0.82,868,384,18,182,124,4,139,134,15,1970,1526,56,0.6,0.27,0.01,0.56,0.38,0.01,0.46,0.45,0.05,0.52,0.41,0.01,318,2731,326,1782,64,24,0.1,0.86,0.15,0.82,0.69,0.26,17,1,17,1,17,1,0.01,0,0.01,0,0.18,0.01,5838
2,16,H,1463,2728,331,0.32,0.6,0.07,2310,1891,46,275,0.51,0.42,0.01,0.06,709,131,3682,0.16,0.03,0.81,2979,1431,112,0.66,0.32,0.02,4522,0,0,0,1,0,0,0,4437,30,55,0.98,0.01,0.01,4380,89,53,0.97,0.02,0.01,1039,1797,410,909,0.35,0.6,0.29,0.64,2310,1891,46,0,0,0,0,0,0,0,0,0,0.51,0.42,0.01,0,0,0,0,0,0,0,0,0,646,1513,714,1068,32,12,0.28,0.65,0.38,0.56,0.7,0.26,9,0,9,0,9,0,0,0,0,0,0.2,0,4522
2,16,M,478,4192,295,0.1,0.84,0.06,3006,1543,40,376,0.61,0.31,0.01,0.08,837,154,3974,0.17,0.03,0.8,2152,2661,152,0.43,0.54,0.03,1232,226,218,3289,0.25,0.05,0.04,0.66,4885,24,56,0.98,0,0.01,4831,79,55,0.97,0.02,0.01,208,1874,259,2266,0.1,0.87,0.1,0.85,803,274,15,144,68,3,127,74,5,1932,1127,17,0.65,0.22,0.01,0.64,0.3,0.01,0.58,0.34,0.02,0.59,0.34,0.01,252,2598,167,1322,20,20,0.08,0.86,0.11,0.86,0.5,0.5,12,1,12,1,12,1,0,0,0.01,0,0.3,0.03,4965
2,17,H,689,1795,271,0.25,0.65,0.1,1479,1057,17,202,0.54,0.38,0.01,0.07,449,80,2226,0.16,0.03,0.81,1620,1065,70,0.59,0.39,0.03,2755,0,0,0,1,0,0,0,2682,24,49,0.97,0.01,0.02,2650,60,45,0.96,0.02,0.02,459,1064,222,718,0.28,0.66,0.21,0.67,1479,1057,17,0,0,0,0,0,0,0,0,0,0.54,0.38,0.01,0,0,0,0,0,0,0,0,0,308,1042,324,641,9,7,0.21,0.7,0.31,0.61,0.53,0.41,3,0,3,0,3,0,0,0,0,0,0.18,0,2755
2,17,M,247,2797,314,0.07,0.83,0.09,2075,971,16,296,0.62,0.29,0,0.09,609,116,2633,0.18,0.03,0.78,1108,2125,125,0.33,0.63,0.04,864,132,140,2222,0.26,0.04,0.04,0.66,3281,30,47,0.98,0.01,0.01,3266,52,40,0.97,0.02,0.01,89,955,155,1793,0.08,0.86,0.07,0.84,570,179,8,88,34,4,83,47,2,1334,711,2,0.66,0.21,0.01,0.67,0.26,0.03,0.59,0.34,0.01,0.6,0.32,0,145,1763,87,813,3,12,0.07,0.85,0.09,0.84,0.19,0.75,1,0,1,0,1,0,0,0,0,0,0.06,0,3358
2,18,H,258,915,170,0.19,0.68,0.13,790,458,5,90,0.59,0.34,0,0.07,243,29,1071,0.18,0.02,0.8,763,550,30,0.57,0.41,0.02,1343,0,0,0,1,0,0,0,1314,6,23,0.98,0,0.02,1301,20,22,0.97,0.01,0.02,171,522,87,388,0.22,0.68,0.16,0.71,790,458,5,0,0,0,0,0,0,0,0,0,0.59,0.34,0,0,0,0,0,0,0,0,0,0,124,576,117,287,2,3,0.16,0.73,0.26,0.63,0.4,0.6,1,0,1,0,1,0,0,0,0,0,0.2,0,1343
2,18,M,139,1375,195,0.08,0.8,0.11,1133,398,8,170,0.66,0.23,0,0.1,284,68,1357,0.17,0.04,0.79,514,1141,54,0.3,0.67,0.03,476,90,54,1089,0.28,0.05,0.03,0.64,1666,12,31,0.97,0.01,0.02,1660,23,26,0.97,0.01,0.02,65,410,72,947,0.13,0.8,0.06,0.83,322,88,3,66,18,2,45,7,0,700,285,3,0.68,0.18,0.01,0.73,0.2,0.02,0.83,0.13,0,0.64,0.26,0,86,932,39,326,6,2,0.08,0.82,0.1,0.82,0.75,0.25,1,2,1,2,1,2,0,0,0,0.01,0.13,0.25,1709
2,19,H,87,315,99,0.17,0.63,0.2,290,173,3,35,0.58,0.35,0.01,0.07,88,17,396,0.18,0.03,0.79,260,229,12,0.52,0.46,0.02,501,0,0,0,1,0,0,0,484,5,12,0.97,0.01,0.02,480,11,10,0.96,0.02,0.02,56,163,31,149,0.22,0.63,0.14,0.65,290,173,3,0,0,0,0,0,0,0,0,0,0.58,0.35,0.01,0,0,0,0,0,0,0,0,0,37,194,45,99,1,2,0.13,0.67,0.26,0.57,0.33,0.67,0,0,0,0,0,0,0,0,0,0,0,0,501
2,19,M,54,551,97,0.08,0.78,0.14,463,173,5,61,0.66,0.25,0.01,0.09,113,28,561,0.16,0.04,0.8,176,501,25,0.25,0.71,0.04,191,31,35,445,0.27,0.04,0.05,0.63,688,3,11,0.98,0,0.02,683,8,11,0.97,0.01,0.02,23,131,31,409,0.13,0.74,0.06,0.82,135,35,1,26,5,0,23,9,1,279,124,3,0.71,0.18,0.01,0.84,0.16,0,0.66,0.26,0.03,0.63,0.28,0.01,32,374,15,135,3,2,0.07,0.81,0.09,0.78,0.6,0.4,0,0,0,0,0,0,0,0,0,0,0,0,702
2,20,H,25,126,30,0.14,0.7,0.17,104,55,1,21,0.57,0.3,0.01,0.12,30,9,142,0.17,0.05,0.78,108,69,4,0.6,0.38,0.02,181,0,0,0,1,0,0,0,178,0,3,0.98,0,0.02,176,2,3,0.97,0.01,0.02,19,75,6,51,0.18,0.69,0.09,0.74,104,55,1,0,0,0,0,0,0,0,0,0,0.57,0.3,0.01,0,0,0,0,0,0,0,0,0,9,81,12,34,0,1,0.09,0.78,0.22,0.62,0,1,0,0,0,0,0,0,0,0,0,0,0,0,181
2,20,M,18,220,50,0.06,0.76,0.17,198,62,2,26,0.69,0.22,0.01,0.09,33,13,242,0.11,0.05,0.84,71,200,17,0.25,0.69,0.06,90,12,11,175,0.31,0.04,0.04,0.61,284,1,3,0.99,0,0.01,277,7,4,0.96,0.02,0.01,10,56,6,162,0.14,0.79,0.03,0.81,64,15,2,8,4,0,9,1,0,117,42,0,0.71,0.17,0.02,0.67,0.33,0,0.82,0.09,0,0.67,0.24,0,11,159,7,44,0,2,0.06,0.8,0.11,0.71,0,1,0,0,0,0,0,0,0,0,0,0,0,0,288
2,21,H,51,66,17,0.38,0.49,0.13,61,53,4,16,0.46,0.4,0.03,0.12,11,7,116,0.08,0.05,0.87,64,63,7,0.48,0.47,0.05,134,0,0,0,1,0,0,0,131,1,2,0.98,0.01,0.01,125,5,4,0.93,0.04,0.03,32,26,19,40,0.5,0.41,0.3,0.63,61,53,4,0,0,0,0,0,0,0,0,0,0.46,0.4,0.03,0,0,0,0,0,0,0,0,0,17,37,27,21,2,2,0.28,0.61,0.51,0.4,0.5,0.5,0,0,0,0,0,0,0,0,0,0,0,0,134
2,21,M,19,109,29,0.12,0.69,0.18,87,48,3,19,0.55,0.31,0.02,0.12,16,12,129,0.1,0.08,0.82,45,101,11,0.29,0.64,0.07,63,7,7,80,0.4,0.04,0.04,0.51,141,7,9,0.9,0.04,0.06,139,8,10,0.89,0.05,0.06,10,31,9,77,0.22,0.69,0.09,0.76,27,23,1,3,4,0,3,2,1,54,19,1,0.43,0.37,0.02,0.43,0.57,0,0.43,0.29,0.14,0.68,0.24,0.01,4,71,11,31,3,0,0.05,0.82,0.23,0.65,1,0,1,0,1,0,1,0,0.01,0,0.02,0,0.33,0,157
3,1,H,0,0,743287,0,0,1,0,0,0,743287,0,0,0,1,81224,11088,650975,0.11,0.01,0.88,0,0,743287,0,0,1,743287,0,0,0,1,0,0,0,566680,29496,147111,0.76,0.04,0.2,0,0,743287,0,0,1,0,0,0,0,0,0,0,0,0,0,0,0,0,0,0,0,0,0,0,0,0,0,0,0,0,0,0,0,0,0,0,0,0,0,0,0,0,0,0,0,0,0,0,0,0,0,0,0,0,0,0,0,0,0,0,0,743287
3,1,M,0,0,707147,0,0,1,0,0,0,707147,0,0,0,1,71449,10360,625338,0.1,0.01,0.88,0,0,707147,0,0,1,707147,0,0,0,1,0,0,0,538899,28136,140112,0.76,0.04,0.2,0,0,707147,0,0,1,0,0,0,0,0,0,0,0,0,0,0,0,0,0,0,0,0,0,0,0,0,0,0,0,0,0,0,0,0,0,0,0,0,0,0,0,0,0,0,0,0,0,0,0,0,0,0,0,0,0,0,0,0,0,0,0,707147
3,2,H,0,0,807207,0,0,1,9662,773342,0,24203,0.01,0.96,0,0.03,53434,10302,743471,0.07,0.01,0.92,0,0,807207,0,0,1,807207,0,0,0,1,0,0,0,768439,29246,9522,0.95,0.04,0.01,689225,94601,23381,0.85,0.12,0.03,0,0,0,0,0,0,0,0,9662,773342,0,0,0,0,0,0,0,0,0,0,0.01,0.96,0,0,0,0,0,0,0,0,0,0,0,0,0,0,0,0,0,0,0,0,0,0,0,0,0,0,0,0,0,0,0,0,0,0,807207
3,2,M,0,0,774127,0,0,1,8055,742965,0,23107,0.01,0.96,0,0.03,50153,10286,713688,0.06,0.01,0.92,0,0,774127,0,0,1,774127,0,0,0,1,0,0,0,736870,27954,9303,0.95,0.04,0.01,659807,91452,22868,0.85,0.12,0.03,0,0,0,0,0,0,0,0,8055,742965,0,0,0,0,0,0,0,0,0,0,0.01,0.96,0,0,0,0,0,0,0,0,0,0,0,0,0,0,0,0,0,0,0,0,0,0,0,0,0,0,0,0,0,0,0,0,0,0,774127
3,3,H,5977,861850,18596,0.01,0.97,0.02,5378,870979,0,10066,0.01,0.98,0,0.01,47824,10182,828417,0.05,0.01,0.93,8659,871391,6373,0.01,0.98,0.01,886423,0,0,0,1,0,0,0,848746,25441,12236,0.96,0.03,0.01,785544,88317,12562,0.89,0.1,0.01,646,7927,5327,853627,0.07,0.92,0.01,0.98,5378,870979,0,0,0,0,0,0,0,0,0,0,0.01,0.98,0,0,0,0,0,0,0,0,0,0,189,4659,5754,856157,0,0,0.04,0.87,0.01,0.98,0,0,0,0,0,0,0,0,0,0,0,0,0,0,886423
3,3,M,3565,828724,18040,0,0.97,0.02,3576,837114,0,9639,0,0.98,0,0.01,46061,10064,794204,0.05,0.01,0.93,8997,835224,6108,0.01,0.98,0.01,848383,1407,333,206,1,0,0,0,813319,24834,12176,0.96,0.03,0.01,751859,85985,12485,0.88,0.1,0.01,416,8504,3146,820077,0.05,0.95,0,0.98,3552,835204,0,16,1382,0,6,324,0,2,204,0,0,0.98,0,0.01,0.98,0,0.02,0.97,0,0.01,0.99,0,64,3183,3479,824738,0,0,0.02,0.89,0,0.99,0,0,0,0,0,0,0,0,0,0,0,0,0,0,850329
3,4,H,159665,810631,34077,0.16,0.81,0.03,8764,825266,144207,26136,0.01,0.82,0.14,0.03,47857,11182,945334,0.05,0.01,0.94,33826,945619,24928,0.03,0.94,0.02,1004373,0,0,0,1,0,0,0,936450,35682,32241,0.93,0.04,0.03,868421,103359,32593,0.86,0.1,0.03,19013,14270,140570,795902,0.56,0.42,0.15,0.84,8764,825266,144207,0,0,0,0,0,0,0,0,0,0.01,0.82,0.14,0,0,0,0,0,0,0,0,0,1214,6606,136805,679553,21280,122613,0.14,0.75,0.17,0.82,0.15,0.85,7050,1599,7050,1599,7050,1599,0.8,0.18,0.01,0,0.05,0.01,1004373
3,4,M,97693,861736,17452,0.1,0.88,0.02,5133,765873,191992,13883,0.01,0.78,0.2,0.01,63985,12004,900892,0.07,0.01,0.92,88401,875243,13237,0.09,0.9,0.01,894555,74602,6934,790,0.92,0.08,0.01,0,921985,38845,16051,0.94,0.04,0.02,845221,115313,16347,0.87,0.12,0.02,16908,71298,80758,790195,0.19,0.81,0.09,0.9,4835,691308,184611,231,67379,6922,44,6506,374,23,680,85,0.01,0.77,0.21,0,0.9,0.09,0.01,0.94,0.05,0.03,0.86,0.11,369,4323,68672,692967,28529,163167,0.07,0.84,0.09,0.9,0.15,0.85,13000,2429,13000,2429,13000,2429,2.53,0.47,0.02,0,0.07,0.01,976881
3,5,H,650407,439613,41774,0.57,0.39,0.04,10107,650673,443410,27604,0.01,0.57,0.39,0.02,57967,13124,1060703,0.05,0.01,0.94,211980,894422,25392,0.19,0.79,0.02,1131794,0,0,0,1,0,0,0,1037434,55383,38977,0.92,0.05,0.03,938233,154080,39481,0.83,0.14,0.03,174616,31625,475540,407673,0.82,0.15,0.53,0.46,10107,650673,443410,0,0,0,0,0,0,0,0,0,0.01,0.57,0.39,0,0,0,0,0,0,0,0,0,3278,5625,440177,195782,205753,236518,0.32,0.56,0.68,0.3,0.46,0.53,25041,5663,25041,5663,25041,5663,2.48,0.56,0.04,0.01,0.06,0.01,1131794
3,5,M,499906,613670,21988,0.44,0.54,0.02,6597,531231,577686,20050,0.01,0.47,0.51,0.02,82473,14690,1038401,0.07,0.01,0.91,337635,779561,18368,0.3,0.69,0.02,759656,281741,80043,14124,0.67,0.25,0.07,0.01,1057851,57854,19859,0.93,0.05,0.02,946982,168257,20325,0.83,0.15,0.02,142756,193833,357030,419650,0.42,0.57,0.46,0.54,5289,261585,473325,790,189183,91311,346,67486,12093,172,12977,957,0.01,0.34,0.62,0,0.67,0.32,0,0.84,0.15,0.01,0.92,0.07,1537,4537,235718,292767,261852,314873,0.23,0.69,0.44,0.55,0.45,0.55,46170,8038,46170,8038,46170,8038,7,1.22,0.09,0.02,0.08,0.01,1135564
3,6,H,834002,208088,35147,0.77,0.19,0.03,12009,597233,447053,20942,0.01,0.55,0.41,0.02,60613,13209,1003415,0.06,0.01,0.93,430091,628932,18214,0.4,0.58,0.02,1077237,0,0,0,1,0,0,0,987367,57724,32146,0.92,0.05,0.03,880902,163955,32380,0.82,0.15,0.03,375540,46474,458065,161468,0.87,0.11,0.73,0.26,12009,597233,447053,0,0,0,0,0,0,0,0,0,0.01,0.55,0.41,0,0,0,0,0,0,0,0,0,5608,5324,482256,99552,343954,101875,0.47,0.44,0.81,0.17,0.77,0.23,27872,6044,27872,6044,27872,6044,2.32,0.5,0.05,0.01,0.06,0.01,1077237
3,6,M,674169,400880,20804,0.62,0.37,0.02,9400,492203,575066,19184,0.01,0.45,0.52,0.02,86237,14697,994919,0.08,0.01,0.91,531433,547131,17289,0.48,0.5,0.02,489830,348579,199043,58401,0.45,0.32,0.18,0.05,1019317,58045,18491,0.93,0.05,0.02,907788,169269,18796,0.83,0.15,0.02,291199,238790,382795,161971,0.55,0.45,0.7,0.3,6383,123826,341698,1464,176247,170093,928,141717,56012,625,50413,7263,0.01,0.25,0.7,0,0.51,0.49,0,0.71,0.28,0.01,0.86,0.12,3668,5246,265115,224307,404069,170096,0.39,0.56,0.54,0.46,0.7,0.3,49753,8256,49753,8256,49753,8256,5.29,0.88,0.1,0.02,0.09,0.01,1095853
3,7,H,805554,133148,30039,0.83,0.14,0.03,14155,548081,387589,18916,0.01,0.57,0.4,0.02,58577,12216,897948,0.06,0.01,0.93,548965,403986,15790,0.57,0.42,0.02,968741,0,0,0,1,0,0,0,894588,47043,27110,0.92,0.05,0.03,795403,145996,27342,0.82,0.15,0.03,487827,53195,317317,79869,0.89,0.1,0.79,0.2,14155,548081,387589,0,0,0,0,0,0,0,0,0,0.01,0.57,0.4,0,0,0,0,0,0,0,0,0,8001,5070,463054,72494,332080,54267,0.57,0.36,0.84,0.13,0.86,0.14,26056,5533,26056,5533,26056,5533,1.84,0.39,0.05,0.01,0.07,0.01,968741
3,7,M,658100,328175,17330,0.66,0.33,0.02,11751,487640,488184,16030,0.01,0.49,0.49,0.02,85813,13980,903812,0.09,0.01,0.9,599157,390419,14029,0.6,0.39,0.01,287916,308619,286404,120666,0.29,0.31,0.29,0.12,944317,43899,15389,0.94,0.04,0.02,844682,143321,15602,0.84,0.14,0.02,361982,235693,295938,92388,0.6,0.39,0.76,0.24,6227,75239,192153,2266,133599,171934,1752,180059,103903,1506,98743,20194,0.02,0.26,0.67,0.01,0.43,0.56,0.01,0.63,0.36,0.01,0.82,0.17,5525,5708,281394,203894,369853,117447,0.47,0.49,0.58,0.42,0.76,0.24,45059,7154,45059,7154,45059,7154,3.83,0.61,0.09,0.01,0.09,0.01,1003605
3,8,H,781740,108515,26117,0.85,0.12,0.03,15956,540264,343504,16648,0.02,0.59,0.37,0.02,60107,12094,844171,0.07,0.01,0.92,599895,302357,14120,0.65,0.33,0.02,916372,0,0,0,1,0,0,0,856627,36603,23142,0.93,0.04,0.03,772734,120240,23398,0.84,0.13,0.03,538308,54478,243057,53976,0.9,0.09,0.8,0.18,15956,540264,343504,0,0,0,0,0,0,0,0,0,0.02,0.59,0.37,0,0,0,0,0,0,0,0,0,10078,4808,466098,63830,303517,38866,0.63,0.3,0.86,0.12,0.88,0.11,24838,4803,24838,4803,24838,4803,1.56,0.3,0.05,0.01,0.07,0.01,916372
3,8,M,658321,314372,16417,0.67,0.32,0.02,14127,524667,435341,14975,0.01,0.53,0.44,0.02,92650,14868,881592,0.09,0.02,0.89,620714,355284,13112,0.63,0.36,0.01,193298,260764,339981,195067,0.2,0.26,0.34,0.2,940973,33930,14207,0.95,0.03,0.01,857366,117231,14513,0.87,0.12,0.01,383843,235355,274301,78917,0.62,0.38,0.77,0.22,5614,62014,112442,2864,109967,147325,2769,197598,138861,2880,155088,36713,0.03,0.32,0.58,0.01,0.42,0.56,0.01,0.58,0.41,0.01,0.8,0.19,7025,6642,312374,209968,337659,96799,0.5,0.47,0.6,0.4,0.78,0.22,43045,6771,43045,6771,43045,6771,3.05,0.48,0.08,0.01,0.1,0.02,989110
3,9,H,650773,82207,19759,0.86,0.11,0.03,15781,472741,251644,12573,0.02,0.63,0.33,0.02,54731,10418,687590,0.07,0.01,0.91,519090,222628,11021,0.69,0.3,0.01,752739,0,0,0,1,0,0,0,711446,24101,17192,0.95,0.03,0.02,652916,82478,17345,0.87,0.11,0.02,468582,45208,181903,36945,0.9,0.09,0.82,0.17,15781,472741,251644,0,0,0,0,0,0,0,0,0,0.02,0.63,0.33,0,0,0,0,0,0,0,0,0,10748,4169,413853,51537,224785,25954,0.68,0.26,0.88,0.11,0.89,0.1,19817,3533,19817,3533,19817,3533,1.26,0.22,0.04,0.01,0.08,0.01,752739
3,9,M,555790,286196,14124,0.65,0.33,0.02,14794,509934,318466,12916,0.02,0.6,0.37,0.02,89187,13571,753352,0.1,0.02,0.88,530076,314822,11212,0.62,0.37,0.01,132491,185811,297648,240160,0.15,0.22,0.35,0.28,820648,23317,12145,0.96,0.03,0.01,760732,82985,12393,0.89,0.1,0.01,317010,211793,238628,74334,0.6,0.4,0.76,0.24,4528,52001,64650,2436,86926,96020,3254,177062,116675,4576,193945,41121,0.03,0.39,0.49,0.01,0.47,0.52,0.01,0.59,0.39,0.02,0.81,0.17,7156,7248,299389,208451,248108,69641,0.48,0.49,0.59,0.41,0.78,0.22,34108,5115,34108,5115,34108,5115,2.31,0.35,0.07,0.01,0.11,0.02,856110
3,10,H,622594,78561,17920,0.87,0.11,0.02,17361,488645,201133,11936,0.02,0.68,0.28,0.02,59853,10019,649203,0.08,0.01,0.9,508848,199705,10522,0.71,0.28,0.01,719075,0,0,0,1,0,0,0,686514,17676,14885,0.95,0.02,0.02,641161,62909,15005,0.89,0.09,0.02,458241,46259,164052,32261,0.9,0.09,0.82,0.16,17361,488645,201133,0,0,0,0,0,0,0,0,0,0.02,0.68,0.28,0,0,0,0,0,0,0,0,0,12288,4277,428733,53759,180245,20112,0.71,0.25,0.88,0.11,0.9,0.1,17998,2765,17998,2765,17998,2765,1.04,0.16,0.04,0.01,0.09,0.01,719075
3,10,M,511107,322266,14635,0.6,0.38,0.02,17415,561038,256350,13205,0.02,0.66,0.3,0.02,102584,13576,731848,0.12,0.02,0.86,512666,323978,11364,0.6,0.38,0.01,119932,159888,282723,285465,0.14,0.19,0.33,0.34,816687,19030,12291,0.96,0.02,0.01,768507,67022,12479,0.91,0.08,0.01,279968,231332,230985,90861,0.55,0.45,0.71,0.28,4556,55352,48578,2486,86532,70436,3705,182516,95822,6668,236638,41514,0.04,0.46,0.41,0.02,0.54,0.44,0.01,0.65,0.34,0.02,0.83,0.15,7938,8986,304610,254080,197359,58288,0.46,0.52,0.54,0.45,0.77,0.23,31212,4210,31212,4210,31212,4210,1.79,0.24,0.06,0.01,0.12,0.02,848008
3,11,H,613667,87552,17938,0.85,0.12,0.02,20475,502171,184301,12210,0.03,0.7,0.26,0.02,68535,10286,640336,0.1,0.01,0.89,510960,197572,10625,0.71,0.27,0.01,719157,0,0,0,1,0,0,0,690934,14309,13914,0.96,0.02,0.02,653698,51451,14008,0.91,0.07,0.02,453947,52861,159402,34646,0.89,0.1,0.81,0.18,20475,502171,184301,0,0,0,0,0,0,0,0,0,0.03,0.7,0.26,0,0,0,0,0,0,0,0,0,14698,4932,433549,62690,163932,19499,0.72,0.24,0.86,0.12,0.89,0.11,18324,2552,18324,2552,18324,2552,0.89,0.12,0.04,0.01,0.1,0.01,719157
3,11,M,470437,380513,15732,0.54,0.44,0.02,21854,600608,230255,13965,0.03,0.69,0.27,0.02,120086,14154,732442,0.14,0.02,0.85,497085,357742,11855,0.57,0.41,0.01,123434,147277,271539,324432,0.14,0.17,0.31,0.37,837382,16542,12758,0.97,0.02,0.01,794775,58915,12992,0.92,0.07,0.01,239559,256112,230731,124319,0.48,0.52,0.64,0.35,5287,61738,44427,2697,86001,58122,4122,181539,85164,9748,271330,42542,0.04,0.5,0.36,0.02,0.58,0.39,0.02,0.67,0.31,0.03,0.84,0.13,8975,12301,288598,309283,171564,57869,0.41,0.56,0.48,0.51,0.75,0.25,31839,3726,31839,3726,31839,3726,1.46,0.17,0.05,0.01,0.14,0.02,866682
3,12,H,520858,91895,17003,0.83,0.15,0.03,21416,441865,155354,11121,0.03,0.7,0.25,0.02,70240,8898,550618,0.11,0.01,0.87,448879,171206,9671,0.71,0.27,0.02,629756,0,0,0,1,0,0,0,606690,10969,12097,0.96,0.02,0.02,577356,40149,12251,0.92,0.06,0.02,387154,57666,133441,34182,0.86,0.13,0.78,0.2,21416,441865,155354,0,0,0,0,0,0,0,0,0,0.03,0.7,0.25,0,0,0,0,0,0,0,0,0,15185,5317,367743,68162,136564,18026,0.71,0.25,0.83,0.15,0.88,0.12,17350,1914,17350,1914,17350,1914,0.81,0.09,0.04,0,0.11,0.01,629756
3,12,M,371425,391424,14514,0.48,0.5,0.02,24766,553207,186889,12501,0.03,0.71,0.24,0.02,116744,12283,648336,0.15,0.02,0.83,414322,352519,10522,0.53,0.45,0.01,110591,115389,220968,330415,0.14,0.15,0.28,0.43,752323,13703,11337,0.97,0.02,0.01,716232,49549,11582,0.92,0.06,0.01,170443,242581,200849,148770,0.41,0.59,0.57,0.42,5016,58466,36430,2459,70602,41938,4314,149055,66977,12977,275084,41544,0.05,0.53,0.33,0.02,0.61,0.36,0.02,0.67,0.3,0.04,0.83,0.13,9023,15117,225908,324473,135344,50798,0.36,0.61,0.41,0.59,0.72,0.27,26852,2757,26852,2757,26852,2757,1.08,0.11,0.05,0,0.14,0.01,777363
3,13,H,398230,86723,13946,0.8,0.17,0.03,21423,350866,119333,7277,0.04,0.7,0.24,0.01,66038,7024,425837,0.13,0.01,0.85,357873,134907,6119,0.72,0.27,0.01,498899,0,0,0,1,0,0,0,482291,8516,8092,0.97,0.02,0.02,459267,31444,8188,0.92,0.06,0.02,297655,55777,100375,30909,0.83,0.16,0.74,0.23,21423,350866,119333,0,0,0,0,0,0,0,0,0,0.04,0.7,0.24,0,0,0,0,0,0,0,0,0,14479,5895,277556,66997,105183,13445,0.68,0.28,0.79,0.19,0.88,0.11,15064,1427,15064,1427,15064,1427,0.7,0.07,0.04,0,0.13,0.01,498899
3,13,M,272572,347098,11347,0.43,0.55,0.02,26705,459900,135415,8997,0.04,0.73,0.21,0.01,104715,9770,516532,0.17,0.02,0.82,307894,315605,7518,0.49,0.5,0.01,88047,81768,158516,302686,0.14,0.13,0.25,0.48,612130,10544,8343,0.97,0.02,0.01,582911,39637,8469,0.92,0.06,0.01,110572,196209,161899,150810,0.36,0.64,0.51,0.48,4785,49541,26148,2311,52505,26744,3625,108140,46322,15984,249714,36201,0.05,0.56,0.3,0.03,0.64,0.33,0.02,0.68,0.29,0.05,0.82,0.12,7500,18426,163546,293599,100769,34157,0.28,0.69,0.36,0.64,0.74,0.25,20489,1815,20489,1815,20489,1815,0.77,0.07,0.04,0,0.15,0.01,631017
3,14,H,292103,70709,11658,0.78,0.19,0.03,19673,266588,83448,4761,0.05,0.71,0.22,0.01,57715,4977,311778,0.15,0.01,0.83,271751,98823,3896,0.73,0.26,0.01,374470,0,0,0,1,0,0,0,362956,5857,5657,0.97,0.02,0.02,345351,23343,5776,0.92,0.06,0.02,221354,46008,70603,24677,0.81,0.17,0.71,0.25,19673,266588,83448,0,0,0,0,0,0,0,0,0,0.05,0.71,0.22,0,0,0,0,0,0,0,0,0,12108,6347,203939,56508,75349,7564,0.62,0.32,0.76,0.21,0.9,0.09,11594,943,11594,943,11594,943,0.59,0.05,0.04,0,0.14,0.01,374470
3,14,M,188653,280604,8955,0.39,0.59,0.02,26336,360179,85611,6086,0.06,0.75,0.18,0.01,88827,6952,382433,0.19,0.01,0.8,211709,261512,4991,0.44,0.55,0.01,68034,54214,102603,253361,0.14,0.11,0.21,0.53,465098,7143,5971,0.97,0.01,0.01,444454,27638,6120,0.93,0.06,0.01,65306,145374,123290,135164,0.31,0.69,0.47,0.52,4091,41307,17620,1973,37314,14769,2947,72582,26825,17325,208976,26397,0.06,0.61,0.26,0.04,0.69,0.27,0.03,0.71,0.26,0.07,0.82,0.1,5608,19890,117608,239769,64958,20202,0.21,0.76,0.33,0.67,0.76,0.24,14090,1016,14090,1016,14090,1016,0.54,0.04,0.04,0,0.16,0.01,478212
3,15,H,194207,60662,10126,0.73,0.23,0.04,18130,192884,50848,3133,0.07,0.73,0.19,0.01,47729,3209,214057,0.18,0.01,0.81,190669,71805,2521,0.72,0.27,0.01,264995,0,0,0,1,0,0,0,257014,3740,4241,0.97,0.01,0.02,246031,14700,4264,0.93,0.06,0.02,146745,39790,47392,20848,0.77,0.21,0.66,0.29,18130,192884,50848,0,0,0,0,0,0,0,0,0,0.07,0.73,0.19,0,0,0,0,0,0,0,0,0,9793,6922,137905,49115,46027,4434,0.54,0.38,0.71,0.25,0.91,0.09,7927,456,7927,456,7927,456,0.44,0.03,0.04,0,0.16,0.01,264995
3,15,M,122928,216608,8183,0.35,0.62,0.02,26851,269942,46749,4177,0.08,0.78,0.13,0.01,72688,4984,270047,0.21,0.01,0.78,131991,212494,3234,0.38,0.61,0.01,51586,32784,58390,204959,0.15,0.09,0.17,0.59,338426,4505,4788,0.97,0.01,0.01,325154,17716,4849,0.94,0.05,0.01,33877,97067,89022,119501,0.26,0.74,0.42,0.56,3904,33467,10896,1747,24309,6631,2353,43264,12609,18847,168902,16613,0.08,0.65,0.21,0.05,0.74,0.2,0.04,0.74,0.22,0.09,0.82,0.08,4590,21130,83097,183518,34919,11301,0.17,0.79,0.31,0.68,0.75,0.24,8495,547,8495,547,8495,547,0.32,0.02,0.03,0,0.18,0.01,347719
3,16,H,121805,52633,9494,0.66,0.29,0.05,16699,136650,28330,2253,0.09,0.74,0.15,0.01,38662,2268,143002,0.21,0.01,0.78,127631,54566,1735,0.69,0.3,0.01,183932,0,0,0,1,0,0,0,177832,2344,3756,0.97,0.01,0.02,170767,9384,3781,0.93,0.05,0.02,90211,33537,31539,19080,0.71,0.26,0.58,0.35,16699,136650,28330,0,0,0,0,0,0,0,0,0,0.09,0.74,0.15,0,0,0,0,0,0,0,0,0,7277,7681,88991,41978,25220,2780,0.44,0.46,0.65,0.31,0.89,0.1,5088,247,5088,247,5088,247,0.3,0.01,0.04,0,0.18,0.01,183932
3,16,M,80611,164624,8817,0.32,0.65,0.03,27621,200337,22800,3294,0.11,0.79,0.09,0.01,59538,3510,191004,0.23,0.01,0.75,76171,175514,2367,0.3,0.69,0.01,38095,19512,30174,166271,0.15,0.08,0.12,0.65,246599,2955,4498,0.97,0.01,0.02,237732,11745,4575,0.94,0.05,0.02,15669,59384,64924,105209,0.21,0.78,0.37,0.6,3937,25786,5940,1686,15131,2614,1926,23364,4788,20072,136056,9458,0.1,0.68,0.16,0.09,0.78,0.13,0.06,0.77,0.16,0.12,0.82,0.06,4037,22013,59983,136011,16336,5916,0.15,0.8,0.3,0.68,0.72,0.26,4526,248,4526,248,4526,248,0.16,0.01,0.02,0,0.2,0.01,254052
3,17,H,68363,40340,8120,0.59,0.35,0.07,13692,86909,14630,1592,0.12,0.74,0.13,0.01,27171,1385,88267,0.23,0.01,0.76,75854,39770,1199,0.65,0.34,0.01,116823,0,0,0,1,0,0,0,112320,1446,3057,0.96,0.01,0.03,107973,5769,3081,0.92,0.05,0.03,48481,24281,19863,16042,0.64,0.32,0.5,0.4,13692,86909,14630,0,0,0,0,0,0,0,0,0,0.12,0.74,0.13,0,0,0,0,0,0,0,0,0,4850,7223,50606,31279,12707,1661,0.35,0.53,0.58,0.36,0.87,0.11,2839,109,2839,109,2839,109,0.21,0.01,0.03,0,0.19,0.01,116823
3,17,M,53607,113611,10073,0.3,0.64,0.06,24747,139067,10797,2680,0.14,0.78,0.06,0.02,44637,2192,130462,0.25,0.01,0.74,38489,136992,1810,0.22,0.77,0.01,27855,11301,15327,122808,0.16,0.06,0.09,0.69,170543,2034,4714,0.96,0.01,0.03,164324,8168,4799,0.93,0.05,0.03,7153,30207,46444,83378,0.19,0.78,0.34,0.61,3365,19291,3279,1327,8901,1008,1509,12062,1671,18546,98813,4839,0.12,0.69,0.12,0.12,0.79,0.09,0.1,0.79,0.11,0.15,0.8,0.04,3502,19148,42527,91034,7390,2807,0.14,0.77,0.31,0.65,0.68,0.26,2281,111,2281,111,2281,111,0.09,0,0.02,0,0.21,0.01,177291
3,18,H,33408,24493,5508,0.53,0.39,0.09,8805,46747,6899,958,0.14,0.74,0.11,0.02,15504,670,47235,0.24,0.01,0.74,36636,26064,709,0.58,0.41,0.01,63409,0,0,0,1,0,0,0,60397,846,2166,0.95,0.01,0.03,57910,3313,2186,0.91,0.05,0.03,21470,13276,11923,11206,0.59,0.36,0.46,0.43,8805,46747,6899,0,0,0,0,0,0,0,0,0,0.14,0.74,0.11,0,0,0,0,0,0,0,0,0,2559,4977,25024,18432,5713,957,0.29,0.57,0.54,0.39,0.83,0.14,1477,57,1477,57,1477,57,0.17,0.01,0.03,0,0.21,0.01,63409
3,18,M,30452,65163,8620,0.29,0.63,0.08,17027,80179,5182,1847,0.16,0.77,0.05,0.02,26337,1188,76710,0.25,0.01,0.74,14617,88427,1191,0.14,0.85,0.01,17469,6103,7456,73207,0.17,0.06,0.07,0.7,99021,1281,3933,0.95,0.01,0.04,95145,5112,3978,0.91,0.05,0.04,2748,11153,27686,53989,0.19,0.76,0.31,0.61,2431,12016,1762,902,4694,454,1027,5783,596,12667,57686,2370,0.14,0.69,0.1,0.15,0.77,0.07,0.14,0.78,0.08,0.17,0.79,0.03,2255,12898,24702,50434,3339,1364,0.13,0.76,0.31,0.63,0.64,0.26,1067,37,1067,37,1067,37,0.06,0,0.01,0,0.21,0.01,104235
3,19,H,11502,9821,2565,0.48,0.41,0.11,3583,17366,2527,412,0.15,0.73,0.11,0.02,5790,261,17837,0.24,0.01,0.75,11856,11717,315,0.5,0.49,0.01,23888,0,0,0,1,0,0,0,22515,347,1026,0.94,0.01,0.04,21544,1296,1048,0.9,0.05,0.04,6439,4633,5058,5187,0.54,0.39,0.43,0.44,3583,17366,2527,0,0,0,0,0,0,0,0,0,0.15,0.73,0.11,0,0,0,0,0,0,0,0,0,951,2053,8482,7325,2023,393,0.27,0.57,0.49,0.42,0.8,0.16,506,12,506,12,506,12,0.14,0,0.03,0,0.2,0,23888
3,19,M,12361,26737,4950,0.28,0.61,0.11,7777,33448,1925,898,0.18,0.76,0.04,0.02,10561,457,33030,0.24,0.01,0.75,4024,39468,556,0.09,0.9,0.01,7894,2531,2866,30757,0.18,0.06,0.07,0.7,41190,578,2280,0.94,0.01,0.05,39572,2168,2308,0.9,0.05,0.05,852,2870,11505,23858,0.21,0.71,0.29,0.6,1163,5412,712,382,1960,168,461,2164,218,5771,23912,827,0.15,0.69,0.09,0.15,0.77,0.07,0.16,0.76,0.08,0.19,0.78,0.03,1003,5674,10120,20313,1171,522,0.13,0.73,0.3,0.61,0.61,0.27,345,13,345,13,345,13,0.04,0,0.01,0,0.18,0.01,44048
3,20,H,2876,2648,677,0.46,0.43,0.11,982,4310,757,152,0.16,0.7,0.12,0.02,1343,55,4803,0.22,0.01,0.77,2667,3403,131,0.43,0.55,0.02,6201,0,0,0,1,0,0,0,5762,133,306,0.93,0.02,0.05,5396,492,313,0.87,0.08,0.05,1464,1043,1412,1603,0.55,0.39,0.41,0.47,982,4310,757,0,0,0,0,0,0,0,0,0,0.16,0.7,0.12,0,0,0,0,0,0,0,0,0,248,576,2027,1923,592,135,0.25,0.59,0.47,0.45,0.78,0.18,120,6,120,6,120,6,0.12,0.01,0.03,0,0.16,0.01,6201
3,20,M,3212,7724,1578,0.26,0.62,0.13,2487,9132,602,293,0.2,0.73,0.05,0.02,2857,129,9528,0.23,0.01,0.76,1019,11297,198,0.08,0.9,0.02,2527,752,855,8380,0.2,0.06,0.07,0.67,11528,207,779,0.92,0.02,0.06,11045,684,785,0.88,0.05,0.06,261,673,2951,7047,0.26,0.66,0.26,0.62,445,1601,273,122,557,67,123,645,80,1797,6329,182,0.18,0.63,0.11,0.16,0.74,0.09,0.14,0.75,0.09,0.21,0.76,0.02,270,1818,2582,5646,344,187,0.11,0.73,0.28,0.62,0.57,0.31,101,1,101,1,101,1,0.04,0,0.01,0,0.17,0,12514
3,21,H,1722,959,279,0.58,0.32,0.09,313,1782,718,147,0.11,0.6,0.24,0.05,295,22,2643,0.1,0.01,0.89,1436,1367,157,0.49,0.46,0.05,2960,0,0,0,1,0,0,0,2628,173,159,0.89,0.06,0.05,2227,560,173,0.75,0.19,0.06,1051,353,669,603,0.73,0.25,0.49,0.44,313,1782,718,0,0,0,0,0,0,0,0,0,0.11,0.6,0.24,0,0,0,0,0,0,0,0,0,86,195,1074,603,560,154,0.27,0.62,0.6,0.34,0.78,0.21,52,6,52,6,52,6,0.17,0.02,0.03,0,0.07,0.01,2960
3,21,M,1313,2336,508,0.32,0.56,0.12,653,2697,600,207,0.16,0.65,0.14,0.05,626,34,3497,0.15,0.01,0.84,962,3009,186,0.23,0.72,0.04,1237,382,483,2055,0.3,0.09,0.12,0.49,3659,225,273,0.88,0.05,0.07,3248,611,298,0.78,0.15,0.07,417,523,896,1811,0.43,0.54,0.3,0.6,146,637,276,39,231,111,40,318,124,428,1511,89,0.12,0.51,0.22,0.1,0.6,0.29,0.08,0.66,0.26,0.21,0.74,0.04,79,483,857,1606,364,228,0.12,0.74,0.32,0.6,0.61,0.38,40,5,40,5,40,5,0.06,0.01,0.01,0,0.07,0.01,4157
4,1,H,0,0,428544,0,0,1,0,0,0,428544,0,0,0,1,35515,7064,385965,0.08,0.02,0.9,0,0,428544,0,0,1,428544,0,0,0,1,0,0,0,326466,16081,85997,0.76,0.04,0.2,0,0,428544,0,0,1,0,0,0,0,0,0,0,0,0,0,0,0,0,0,0,0,0,0,0,0,0,0,0,0,0,0,0,0,0,0,0,0,0,0,0,0,0,0,0,0,0,0,0,0,0,0,0,0,0,0,0,0,0,0,0,0,428544
4,1,M,0,0,408605,0,0,1,0,0,0,408605,0,0,0,1,31567,6524,370514,0.08,0.02,0.91,0,0,408605,0,0,1,408605,0,0,0,1,0,0,0,311176,15377,82052,0.76,0.04,0.2,0,0,408605,0,0,1,0,0,0,0,0,0,0,0,0,0,0,0,0,0,0,0,0,0,0,0,0,0,0,0,0,0,0,0,0,0,0,0,0,0,0,0,0,0,0,0,0,0,0,0,0,0,0,0,0,0,0,0,0,0,0,0,408605
4,2,H,0,0,469369,0,0,1,10854,447295,0,11220,0.02,0.95,0,0.02,23465,6196,439708,0.05,0.01,0.94,0,0,469369,0,0,1,469369,0,0,0,1,0,0,0,450208,15872,3289,0.96,0.03,0.01,407554,52756,9059,0.87,0.11,0.02,0,0,0,0,0,0,0,0,10854,447295,0,0,0,0,0,0,0,0,0,0,0.02,0.95,0,0,0,0,0,0,0,0,0,0,0,0,0,0,0,0,0,0,0,0,0,0,0,0,0,0,0,0,0,0,0,0,0,0,469369
4,2,M,0,0,446020,0,0,1,9098,426279,0,10643,0.02,0.96,0,0.02,21618,6218,418184,0.05,0.01,0.94,0,0,446020,0,0,1,446020,0,0,0,1,0,0,0,427713,14988,3319,0.96,0.03,0.01,387182,50021,8817,0.87,0.11,0.02,0,0,0,0,0,0,0,0,9098,426279,0,0,0,0,0,0,0,0,0,0,0.02,0.96,0,0,0,0,0,0,0,0,0,0,0,0,0,0,0,0,0,0,0,0,0,0,0,0,0,0,0,0,0,0,0,0,0,0,446020
4,3,H,7417,489504,10809,0.01,0.96,0.02,4720,499730,0,3280,0.01,0.98,0,0.01,19608,5815,482307,0.04,0.01,0.95,5606,497158,4966,0.01,0.98,0.01,507730,0,0,0,1,0,0,0,488089,13781,5860,0.96,0.03,0.01,454213,47522,5995,0.89,0.09,0.01,536,4962,6867,484238,0.1,0.89,0.01,0.97,4720,499730,0,0,0,0,0,0,0,0,0,0,0.01,0.98,0,0,0,0,0,0,0,0,0,0,374,3956,7017,485030,0,0,0.08,0.84,0.01,0.97,0,0,0,0,0,0,0,0,0,0,0,0,0,0,507730
4,3,M,2237,469229,10569,0,0.97,0.02,3119,475867,0,3049,0.01,0.99,0,0.01,19261,5688,457086,0.04,0.01,0.95,6819,470368,4848,0.01,0.98,0.01,480330,1292,257,156,1,0,0,0,462797,13190,6048,0.96,0.03,0.01,430322,45483,6230,0.89,0.09,0.01,244,6485,1987,462484,0.04,0.95,0,0.98,3076,474221,0,30,1250,0,11,244,0,2,152,0,0.01,0.99,0,0.02,0.97,0,0.04,0.95,0,0.01,0.97,0,94,2705,2120,466117,0,0,0.03,0.87,0,0.98,0,0,0,0,0,0,0,0,0,0,0,0,0,0,482035
4,4,H,101757,405150,19281,0.19,0.77,0.04,6433,460188,45291,14276,0.01,0.87,0.09,0.03,17971,5644,502573,0.03,0.01,0.96,24718,485040,16430,0.05,0.92,0.03,526188,0,0,0,1,0,0,0,490478,17857,17853,0.93,0.03,0.03,462266,45935,17987,0.88,0.09,0.03,14423,10010,87262,394832,0.58,0.4,0.18,0.81,6433,460188,45291,0,0,0,0,0,0,0,0,0,0.01,0.87,0.09,0,0,0,0,0,0,0,0,0,1944,4100,95194,359451,4364,40793,0.3,0.64,0.21,0.78,0.1,0.9,1528,413,1528,413,1528,413,0.24,0.06,0,0,0.03,0.01,526188
4,4,M,35041,457244,7393,0.07,0.92,0.01,3896,425855,66080,3847,0.01,0.85,0.13,0.01,23799,5891,469988,0.05,0.01,0.94,79438,414225,6015,0.16,0.83,0.01,432437,59211,7178,852,0.87,0.12,0.01,0,474488,18807,6383,0.95,0.04,0.01,441897,51344,6437,0.88,0.1,0.01,7762,71503,27249,385454,0.1,0.9,0.07,0.93,3260,362983,62447,395,55340,3416,162,6802,189,79,730,28,0.01,0.84,0.14,0.01,0.93,0.06,0.02,0.95,0.03,0.09,0.86,0.03,316,3283,28979,393127,5689,60282,0.08,0.84,0.07,0.92,0.09,0.91,3053,703,3053,703,3053,703,0.78,0.18,0.01,0,0.05,0.01,499678
4,5,H,271412,194211,21253,0.56,0.4,0.04,8009,345221,120117,13529,0.02,0.71,0.25,0.03,17817,5563,463496,0.04,0.01,0.95,129071,345147,12658,0.27,0.71,0.03,486876,0,0,0,1,0,0,0,442529,24737,19610,0.91,0.05,0.04,411510,55546,19820,0.85,0.11,0.04,101521,24464,169785,169647,0.79,0.19,0.49,0.49,8009,345221,120117,0,0,0,0,0,0,0,0,0,0.02,0.71,0.25,0,0,0,0,0,0,0,0,0,3521,3961,223384,113554,43888,75847,0.44,0.49,0.65,0.33,0.37,0.63,4829,1375,4829,1375,4829,1375,0.6,0.17,0.01,0,0.04,0.01,486876
4,5,M,134007,336082,6515,0.28,0.71,0.01,4873,299382,166798,5551,0.01,0.63,0.35,0.01,24320,5881,446403,0.05,0.01,0.94,207515,263865,5224,0.44,0.55,0.01,249413,152852,59255,15084,0.52,0.32,0.12,0.03,445611,25713,5280,0.93,0.05,0.01,405381,65778,5445,0.85,0.14,0.01,47045,160014,86892,175874,0.23,0.77,0.33,0.67,3152,118176,122972,720,114802,37086,536,52408,6196,465,13996,544,0.01,0.47,0.49,0,0.75,0.24,0.01,0.88,0.1,0.03,0.93,0.04,700,3902,80415,217614,52611,113953,0.14,0.8,0.27,0.73,0.32,0.68,9272,2042,9272,2042,9272,2042,1.9,0.42,0.03,0.01,0.06,0.01,476604
4,6,H,327421,102425,15927,0.73,0.23,0.04,9976,313520,115262,7015,0.02,0.7,0.26,0.02,18250,5785,421738,0.04,0.01,0.95,226722,213166,5885,0.51,0.48,0.01,445773,0,0,0,1,0,0,0,409180,22395,14198,0.92,0.05,0.03,369732,61741,14300,0.83,0.14,0.03,188139,33631,139181,68738,0.83,0.15,0.65,0.32,9976,313520,115262,0,0,0,0,0,0,0,0,0,0.02,0.7,0.26,0,0,0,0,0,0,0,0,0,5508,3761,242170,62072,78802,35952,0.55,0.38,0.77,0.2,0.68,0.31,5194,1520,5194,1520,5194,1520,0.52,0.15,0.02,0,0.05,0.01,445773
4,6,M,178938,265216,5863,0.4,0.59,0.01,6157,277586,160966,5308,0.01,0.62,0.36,0.01,25635,6086,418296,0.06,0.01,0.93,271405,173870,4742,0.6,0.39,0.01,134968,144922,115781,54346,0.3,0.32,0.26,0.12,423179,22077,4761,0.94,0.05,0.01,379253,65896,4868,0.84,0.15,0.01,87332,183596,91540,81462,0.32,0.68,0.53,0.47,3194,54716,72465,845,85297,58442,804,89183,25558,1314,48390,4501,0.02,0.41,0.54,0.01,0.59,0.4,0.01,0.77,0.22,0.02,0.89,0.08,1242,4656,91077,185435,86226,74468,0.2,0.76,0.33,0.67,0.54,0.46,10038,2218,10038,2218,10038,2218,1.63,0.36,0.04,0.01,0.06,0.01,450017
4,7,H,318624,69368,13677,0.79,0.17,0.03,11854,288050,95541,6224,0.03,0.72,0.24,0.02,18981,5531,377157,0.05,0.01,0.94,264004,132746,4919,0.66,0.33,0.01,401669,0,0,0,1,0,0,0,371916,17700,12053,0.93,0.04,0.03,334110,55433,12126,0.83,0.14,0.03,223418,35541,95071,33777,0.85,0.13,0.72,0.25,11854,288050,95541,0,0,0,0,0,0,0,0,0,0.03,0.72,0.24,0,0,0,0,0,0,0,0,0,7581,3542,233947,46227,76004,19031,0.64,0.3,0.81,0.16,0.8,0.2,5209,1313,5209,1313,5209,1313,0.44,0.11,0.02,0,0.05,0.01,401669
4,7,M,181129,226733,5023,0.44,0.55,0.01,7959,269175,131242,4509,0.02,0.65,0.32,0.01,26444,6213,380228,0.06,0.02,0.92,278921,130078,3886,0.68,0.32,0.01,74656,99221,136654,102354,0.18,0.24,0.33,0.25,392340,16574,3971,0.95,0.04,0.01,354278,54579,4028,0.86,0.13,0.01,103584,174801,77476,51796,0.37,0.63,0.6,0.4,2873,33710,34307,996,52908,45060,1235,95295,39870,2855,87262,12005,0.04,0.45,0.46,0.01,0.53,0.45,0.01,0.7,0.29,0.03,0.85,0.12,1974,5699,98365,169880,80411,50592,0.25,0.72,0.37,0.63,0.61,0.39,9218,1909,9218,1909,9218,1909,1.16,0.24,0.03,0.01,0.07,0.01,412885
4,8,H,312644,58335,11802,0.82,0.15,0.03,13864,280684,82961,5272,0.04,0.73,0.22,0.01,19987,5705,357089,0.05,0.01,0.93,274387,104061,4333,0.72,0.27,0.01,382781,0,0,0,1,0,0,0,358419,14176,10186,0.94,0.04,0.03,325795,46702,10284,0.85,0.12,0.03,234858,34933,77696,23371,0.86,0.13,0.75,0.22,13864,280684,82961,0,0,0,0,0,0,0,0,0,0.04,0.73,0.22,0,0,0,0,0,0,0,0,0,9516,3675,233228,40899,69123,13333,0.69,0.27,0.83,0.15,0.83,0.16,5073,1158,5073,1158,5073,1158,0.37,0.08,0.02,0,0.06,0.01,382781
4,8,M,184402,212820,4729,0.46,0.53,0.01,10425,275240,112068,4218,0.03,0.68,0.28,0.01,29526,6552,365873,0.07,0.02,0.91,275987,122322,3642,0.69,0.3,0.01,55180,68902,134084,143785,0.14,0.17,0.33,0.36,385558,12705,3688,0.96,0.03,0.01,354731,43467,3753,0.88,0.11,0.01,108853,166643,75479,46094,0.39,0.6,0.62,0.38,2978,28527,20158,1037,37703,30010,1677,88867,43294,4733,120143,18606,0.05,0.52,0.37,0.02,0.55,0.44,0.01,0.66,0.32,0.03,0.84,0.13,2866,7295,108085,166319,73113,38721,0.27,0.7,0.39,0.6,0.65,0.35,8762,1799,8762,1799,8762,1799,0.84,0.17,0.03,0.01,0.08,0.02,401951
4,9,H,270485,46104,8700,0.83,0.14,0.03,15558,246817,59148,3766,0.05,0.76,0.18,0.01,19069,5268,300952,0.06,0.02,0.93,239826,82267,3196,0.74,0.25,0.01,325289,0,0,0,1,0,0,0,308475,9676,7138,0.95,0.03,0.02,285144,32968,7177,0.88,0.1,0.02,206947,29380,63455,16699,0.86,0.12,0.77,0.2,15558,246817,59148,0,0,0,0,0,0,0,0,0,0.05,0.76,0.18,0,0,0,0,0,0,0,0,0,11451,3487,208254,33913,50283,8466,0.74,0.22,0.84,0.14,0.85,0.14,4042,878,4042,878,4042,878,0.26,0.06,0.02,0,0.07,0.01,325289
4,9,M,157369,187424,4055,0.45,0.54,0.01,12669,253947,78636,3596,0.04,0.73,0.23,0.01,29419,6196,313233,0.08,0.02,0.9,236609,109188,3051,0.68,0.31,0.01,41543,46665,102770,157870,0.12,0.13,0.29,0.45,336949,8789,3110,0.97,0.03,0.01,315284,30416,3148,0.9,0.09,0.01,90737,145405,66566,41925,0.38,0.61,0.61,0.38,2749,23785,12086,1081,27912,17575,1753,69957,30884,7086,132293,18091,0.07,0.57,0.29,0.02,0.6,0.38,0.02,0.68,0.3,0.04,0.84,0.11,3540,8872,99762,153415,53740,24692,0.28,0.7,0.39,0.6,0.68,0.31,6980,1339,6980,1339,6980,1339,0.55,0.11,0.03,0.01,0.09,0.02,348848
4,10,H,257170,43754,7523,0.83,0.14,0.02,18025,241471,45592,3359,0.06,0.78,0.15,0.01,20654,5069,282724,0.07,0.02,0.92,229189,76347,2911,0.74,0.25,0.01,308447,0,0,0,1,0,0,0,295296,7362,5789,0.96,0.02,0.02,277127,25508,5812,0.9,0.08,0.02,197551,28732,59539,14992,0.86,0.13,0.78,0.2,18025,241471,45592,0,0,0,0,0,0,0,0,0,0.06,0.78,0.15,0,0,0,0,0,0,0,0,0,13863,3576,203939,33688,38950,6321,0.77,0.2,0.84,0.14,0.85,0.14,3496,644,3496,644,3496,644,0.19,0.04,0.01,0,0.08,0.01,308447
4,10,M,142569,189586,4257,0.42,0.56,0.01,15793,256194,60711,3714,0.05,0.76,0.18,0.01,33307,6187,296918,0.1,0.02,0.88,222032,111274,3106,0.66,0.33,0.01,38728,39097,86813,171774,0.12,0.12,0.26,0.51,326121,7134,3157,0.97,0.02,0.01,309127,24082,3203,0.92,0.07,0.01,79108,142420,63407,47087,0.36,0.64,0.57,0.42,2819,23807,9074,1166,25427,12424,2035,62069,22516,9773,144891,16697,0.07,0.61,0.23,0.03,0.65,0.32,0.02,0.71,0.26,0.06,0.84,0.1,4350,11159,95119,160231,42770,17769,0.28,0.71,0.37,0.63,0.7,0.29,6342,1048,6342,1048,6342,1048,0.4,0.07,0.02,0,0.1,0.02,336412
4,11,H,241429,45293,6811,0.82,0.15,0.02,22050,229515,38769,3199,0.08,0.78,0.13,0.01,22508,5024,266001,0.08,0.02,0.91,216835,73991,2707,0.74,0.25,0.01,293533,0,0,0,1,0,0,0,282915,5839,4779,0.96,0.02,0.02,268379,20361,4793,0.91,0.07,0.02,184276,30021,57063,15246,0.85,0.14,0.77,0.21,22050,229515,38769,0,0,0,0,0,0,0,0,0,0.08,0.78,0.13,0,0,0,0,0,0,0,0,0,16959,4479,190932,35266,33115,5363,0.77,0.2,0.83,0.15,0.85,0.14,3188,556,3188,556,3188,556,0.14,0.03,0.01,0,0.08,0.01,293533
4,11,M,123332,193128,4390,0.38,0.6,0.01,20394,247273,49481,3702,0.06,0.77,0.15,0.01,36338,5809,278703,0.11,0.02,0.87,199630,118149,3071,0.62,0.37,0.01,37706,34183,73059,175902,0.12,0.11,0.23,0.55,312105,5670,3075,0.97,0.02,0.01,298158,19545,3147,0.93,0.06,0.01,63601,135509,59690,57549,0.32,0.68,0.51,0.49,3230,23655,7822,1381,23264,9450,2336,53527,17028,13447,146827,15181,0.09,0.63,0.21,0.04,0.68,0.28,0.03,0.73,0.23,0.08,0.83,0.09,5326,14742,82796,163523,34892,14401,0.26,0.72,0.33,0.66,0.71,0.29,5793,746,5793,746,5793,746,0.28,0.04,0.02,0,0.12,0.02,320850
4,12,H,202971,44316,6581,0.8,0.17,0.03,24126,195743,30999,3000,0.1,0.77,0.12,0.01,22623,4422,226823,0.09,0.02,0.89,185205,66128,2535,0.73,0.26,0.01,253868,0,0,0,1,0,0,0,245621,4369,3878,0.97,0.02,0.02,234240,15727,3901,0.92,0.06,0.02,153419,29336,49480,14952,0.83,0.16,0.75,0.23,24126,195743,30999,0,0,0,0,0,0,0,0,0,0.1,0.77,0.12,0,0,0,0,0,0,0,0,0,18319,5044,157861,34688,26385,4397,0.76,0.21,0.81,0.18,0.85,0.14,2820,397,2820,397,2820,397,0.12,0.02,0.01,0,0.09,0.01,253868
4,12,M,92703,180165,4128,0.33,0.65,0.01,23690,213716,36471,3119,0.09,0.77,0.13,0.01,34708,5075,237213,0.13,0.02,0.86,160904,113570,2522,0.58,0.41,0.01,32405,25858,53603,165130,0.12,0.09,0.19,0.6,269841,4558,2597,0.97,0.02,0.01,258799,15545,2652,0.93,0.06,0.01,43976,116318,48695,63790,0.27,0.72,0.43,0.56,3340,20685,5870,1337,18069,6389,2295,39588,11615,16718,135374,12597,0.1,0.64,0.18,0.05,0.7,0.25,0.04,0.74,0.22,0.1,0.82,0.08,5411,17862,61456,151110,25570,10749,0.23,0.75,0.29,0.71,0.7,0.29,4442,549,4442,549,4442,549,0.19,0.02,0.02,0,0.12,0.02,276996
4,13,H,155521,42608,6429,0.76,0.21,0.03,25865,152822,23886,1985,0.13,0.75,0.12,0.01,22127,3526,178905,0.11,0.02,0.87,146905,56137,1516,0.72,0.27,0.01,204558,0,0,0,1,0,0,0,198820,3261,2477,0.97,0.02,0.01,190204,11864,2490,0.93,0.06,0.01,115604,28339,39859,14252,0.79,0.19,0.71,0.25,25865,152822,23886,0,0,0,0,0,0,0,0,0,0.13,0.75,0.12,0,0,0,0,0,0,0,0,0,18291,6415,116508,32667,20364,3331,0.71,0.25,0.76,0.21,0.85,0.14,2518,278,2518,278,2518,278,0.1,0.01,0.02,0,0.11,0.01,204558
4,13,M,62646,155419,3593,0.28,0.7,0.02,26526,168117,24904,2111,0.12,0.76,0.11,0.01,31148,3908,186602,0.14,0.02,0.84,117806,102216,1636,0.53,0.46,0.01,25815,18048,34991,142804,0.12,0.08,0.16,0.64,216630,3311,1717,0.98,0.01,0.01,208254,11657,1747,0.94,0.05,0.01,27046,90114,35570,65247,0.23,0.76,0.35,0.64,3518,16763,3932,1354,12732,3922,2134,25723,7060,19520,112899,9990,0.14,0.65,0.15,0.08,0.71,0.22,0.06,0.74,0.2,0.14,0.79,0.07,4706,21222,40003,126774,17761,7026,0.18,0.8,0.24,0.75,0.71,0.28,3172,328,3172,328,3172,328,0.12,0.01,0.02,0,0.13,0.01,221658
4,14,H,110614,38481,6257,0.71,0.25,0.04,24593,113797,15712,1250,0.16,0.73,0.1,0.01,19998,2790,132564,0.13,0.02,0.85,110565,43908,879,0.71,0.28,0.01,155352,0,0,0,1,0,0,0,151544,2225,1583,0.98,0.01,0.01,145428,8340,1584,0.94,0.05,0.01,81841,25468,28749,12999,0.74,0.23,0.65,0.3,24593,113797,15712,0,0,0,0,0,0,0,0,0,0.16,0.73,0.1,0,0,0,0,0,0,0,0,0,15669,7509,81081,28865,13630,1938,0.64,0.31,0.71,0.25,0.87,0.12,1741,152,1741,152,1741,152,0.07,0.01,0.02,0,0.11,0.01,155352
4,14,M,38820,124517,3476,0.23,0.75,0.02,26266,124901,14239,1407,0.16,0.75,0.09,0.01,26251,3028,137534,0.16,0.02,0.82,79676,86121,1016,0.48,0.52,0.01,19652,12031,21271,113859,0.12,0.07,0.13,0.68,163574,2073,1166,0.98,0.01,0.01,157829,7804,1180,0.95,0.05,0.01,14759,64140,24049,60340,0.19,0.81,0.28,0.7,3210,13003,2417,1227,8742,2025,1782,15875,3565,20047,87281,6232,0.16,0.66,0.12,0.1,0.73,0.17,0.08,0.75,0.17,0.18,0.77,0.05,3211,22250,25062,98226,10457,3704,0.12,0.85,0.2,0.79,0.73,0.26,1820,182,1820,182,1820,182,0.07,0.01,0.01,0,0.13,0.01,166813
4,15,H,69231,35580,6737,0.62,0.32,0.06,22471,80108,8176,793,0.2,0.72,0.07,0.01,16736,1932,92880,0.15,0.02,0.83,76254,34788,506,0.68,0.31,0,111548,0,0,0,1,0,0,0,109124,1240,1184,0.98,0.01,0.01,105306,5054,1188,0.94,0.05,0.01,49895,22723,19323,12852,0.65,0.3,0.56,0.37,22471,80108,8176,0,0,0,0,0,0,0,0,0,0.2,0.72,0.07,0,0,0,0,0,0,0,0,0,11639,8821,50378,25631,7073,996,0.52,0.39,0.63,0.32,0.87,0.12,941,57,941,57,941,57,0.04,0,0.01,0,0.12,0.01,111548
4,15,M,21434,95658,3972,0.18,0.79,0.03,24621,88675,6767,1001,0.2,0.73,0.06,0.01,21561,2065,97438,0.18,0.02,0.8,49581,70816,667,0.41,0.58,0.01,14612,7570,11638,87244,0.12,0.06,0.1,0.72,118803,1355,906,0.98,0.01,0.01,115276,4867,921,0.95,0.04,0.01,6780,41891,14647,53744,0.14,0.84,0.21,0.76,2937,9661,1338,1129,5555,861,1342,8779,1489,19213,64680,3079,0.2,0.66,0.09,0.15,0.73,0.11,0.12,0.75,0.13,0.22,0.74,0.04,2164,21324,14467,72091,4746,1938,0.09,0.87,0.16,0.81,0.7,0.29,979,58,979,58,979,58,0.04,0,0.01,0,0.14,0.01,121064
4,16,H,40449,32164,7144,0.51,0.4,0.09,20234,55031,3846,646,0.25,0.69,0.05,0.01,13873,1462,64422,0.17,0.02,0.81,51380,27968,409,0.64,0.35,0.01,79757,0,0,0,1,0,0,0,77719,810,1228,0.97,0.01,0.02,75285,3230,1242,0.94,0.04,0.02,28084,19672,12359,12486,0.55,0.38,0.44,0.45,20234,55031,3846,0,0,0,0,0,0,0,0,0,0.25,0.69,0.05,0,0,0,0,0,0,0,0,0,8054,9681,29084,21798,3218,562,0.4,0.48,0.53,0.4,0.84,0.15,558,34,558,34,558,34,0.03,0,0.01,0,0.15,0.01,79757
4,16,M,12892,72015,4704,0.14,0.8,0.05,23458,62336,2945,872,0.26,0.7,0.03,0.01,17300,1582,70729,0.19,0.02,0.79,28741,60371,499,0.32,0.67,0.01,11341,4793,6312,67165,0.13,0.05,0.07,0.75,87904,822,885,0.98,0.01,0.01,85653,3069,889,0.96,0.03,0.01,2983,24827,9905,47168,0.1,0.86,0.16,0.78,2740,7319,755,1033,3419,320,1171,4631,488,18514,46967,1382,0.24,0.65,0.07,0.22,0.71,0.07,0.19,0.73,0.08,0.28,0.7,0.02,1614,20162,9274,50618,1957,913,0.07,0.86,0.15,0.81,0.66,0.31,447,34,447,34,447,34,0.02,0,0.01,0,0.15,0.01,89611
4,17,H,18950,24431,6244,0.38,0.49,0.13,15234,32252,1699,440,0.31,0.65,0.03,0.01,9505,874,39246,0.19,0.02,0.79,29085,20287,253,0.59,0.41,0.01,49625,0,0,0,1,0,0,0,48116,476,1033,0.97,0.01,0.02,46792,1800,1033,0.94,0.04,0.02,12286,13919,6658,10507,0.42,0.48,0.33,0.52,15234,32252,1699,0,0,0,0,0,0,0,0,0,0.31,0.65,0.03,0,0,0,0,0,0,0,0,0,4122,8620,13420,15396,1346,314,0.27,0.57,0.42,0.48,0.79,0.18,263,13,263,13,263,13,0.02,0,0.01,0,0.15,0.01,49625
4,17,M,7556,49071,5358,0.12,0.79,0.09,19316,40666,1344,659,0.31,0.66,0.02,0.01,12624,1102,48259,0.2,0.02,0.78,14174,47458,353,0.23,0.77,0.01,8266,3041,3610,47068,0.13,0.05,0.06,0.76,60550,573,862,0.98,0.01,0.01,58954,2150,881,0.95,0.03,0.01,1213,12117,6343,36941,0.09,0.85,0.13,0.78,2390,5132,366,860,2031,130,891,2529,171,15175,30974,677,0.29,0.62,0.04,0.28,0.67,0.04,0.25,0.7,0.05,0.32,0.66,0.01,966,16181,5688,32236,866,413,0.05,0.84,0.14,0.79,0.64,0.31,209,7,209,7,209,7,0.01,0,0.01,0,0.16,0.01,61985
4,18,H,7687,14497,4078,0.29,0.55,0.16,9078,16153,747,284,0.35,0.62,0.03,0.01,5341,469,20452,0.2,0.02,0.78,13507,12593,162,0.51,0.48,0.01,26262,0,0,0,1,0,0,0,25227,248,787,0.96,0.01,0.03,24498,977,787,0.93,0.04,0.03,4599,7270,3087,7224,0.34,0.54,0.25,0.57,9078,16153,747,0,0,0,0,0,0,0,0,0,0.35,0.62,0.03,0,0,0,0,0,0,0,0,0,1675,5583,5421,8683,560,160,0.18,0.62,0.34,0.54,0.75,0.21,139,6,139,6,139,6,0.02,0,0.01,0,0.19,0.01,26262
4,18,M,3953,26486,4147,0.11,0.77,0.12,12113,21433,592,448,0.35,0.62,0.02,0.01,7144,552,26890,0.21,0.02,0.78,5599,28740,247,0.16,0.83,0.01,5034,1614,1850,26088,0.15,0.05,0.05,0.75,33501,379,706,0.97,0.01,0.02,32670,1208,708,0.94,0.03,0.02,493,4582,3458,21895,0.09,0.82,0.12,0.76,1638,2956,175,495,1047,65,559,1210,68,9421,16220,284,0.33,0.59,0.03,0.31,0.65,0.04,0.3,0.65,0.04,0.36,0.62,0.01,587,9844,2993,16270,347,210,0.05,0.81,0.14,0.76,0.59,0.35,92,3,92,3,92,3,0.01,0,0,0,0.16,0.01,34586
4,19,H,2303,5865,1820,0.23,0.59,0.18,3786,5785,293,124,0.38,0.58,0.03,0.01,1896,159,7933,0.19,0.02,0.79,4415,5494,79,0.44,0.55,0.01,9988,0,0,0,1,0,0,0,9543,112,333,0.96,0.01,0.03,9229,418,341,0.92,0.04,0.03,1257,2554,1044,3308,0.28,0.58,0.19,0.6,3786,5785,293,0,0,0,0,0,0,0,0,0,0.38,0.58,0.03,0,0,0,0,0,0,0,0,0,496,2471,1593,3285,203,72,0.13,0.65,0.28,0.57,0.69,0.25,32,0,32,0,32,0,0.01,0,0.01,0,0.11,0,9988
4,19,M,1631,10511,2257,0.11,0.73,0.16,5364,8582,250,203,0.37,0.6,0.02,0.01,2778,216,11405,0.19,0.02,0.79,1637,12647,115,0.11,0.88,0.01,2229,700,741,10729,0.15,0.05,0.05,0.75,13895,152,352,0.96,0.01,0.02,13463,576,360,0.93,0.04,0.03,183,1259,1448,9248,0.11,0.77,0.11,0.73,797,1236,74,209,453,32,253,449,33,4105,6444,111,0.36,0.55,0.03,0.3,0.65,0.05,0.34,0.61,0.04,0.38,0.6,0.01,250,4130,1224,6212,148,93,0.05,0.77,0.14,0.72,0.59,0.37,36,1,36,1,36,1,0.01,0,0,0,0.14,0,14399
4,20,H,633,1663,505,0.23,0.59,0.18,1094,1571,91,45,0.39,0.56,0.03,0.02,486,56,2259,0.17,0.02,0.81,1056,1717,28,0.38,0.61,0.01,2801,0,0,0,1,0,0,0,2663,39,99,0.95,0.01,0.04,2569,127,105,0.92,0.05,0.04,337,596,296,1067,0.32,0.56,0.17,0.62,1094,1571,91,0,0,0,0,0,0,0,0,0,0.39,0.56,0.03,0,0,0,0,0,0,0,0,0,115,726,451,905,64,22,0.11,0.66,0.29,0.58,0.7,0.24,5,0,5,0,5,0,0,0,0,0,0.05,0,2801
4,20,M,471,3228,714,0.11,0.73,0.16,1733,2518,93,69,0.39,0.57,0.02,0.02,773,67,3573,0.18,0.02,0.81,529,3852,32,0.12,0.87,0.01,732,238,253,3190,0.17,0.05,0.06,0.72,4226,49,138,0.96,0.01,0.03,4089,184,140,0.93,0.04,0.03,77,399,394,2829,0.15,0.75,0.1,0.73,288,375,29,80,142,15,83,153,15,1282,1848,34,0.39,0.51,0.04,0.34,0.6,0.06,0.33,0.6,0.06,0.4,0.58,0.01,74,1326,344,1829,49,42,0.04,0.77,0.14,0.73,0.53,0.45,8,0,8,0,8,0,0,0,0,0,0.09,0,4413
4,21,H,667,516,139,0.5,0.39,0.11,329,845,114,34,0.25,0.64,0.09,0.03,117,18,1187,0.09,0.01,0.9,645,646,31,0.49,0.49,0.02,1322,0,0,0,1,0,0,0,1237,46,39,0.94,0.03,0.03,1148,132,42,0.87,0.1,0.03,398,212,269,302,0.62,0.33,0.42,0.47,329,845,114,0,0,0,0,0,0,0,0,0,0.25,0.64,0.09,0,0,0,0,0,0,0,0,0,82,192,495,290,89,25,0.25,0.58,0.59,0.34,0.78,0.22,4,1,4,1,4,1,0.01,0,0,0,0.04,0.01,1322
4,21,M,301,1113,205,0.19,0.69,0.13,483,991,109,36,0.3,0.61,0.07,0.02,182,25,1412,0.11,0.02,0.87,460,1123,36,0.28,0.69,0.02,391,169,147,912,0.24,0.1,0.09,0.56,1515,59,45,0.94,0.04,0.03,1389,180,50,0.86,0.11,0.03,120,320,181,790,0.26,0.7,0.16,0.7,78,248,34,29,107,33,29,97,21,347,539,21,0.2,0.63,0.09,0.17,0.63,0.2,0.2,0.66,0.14,0.38,0.59,0.02,30,357,217,695,54,54,0.06,0.74,0.22,0.7,0.5,0.5,12,0,12,0,12,0,0.02,0,0.01,0,0.11,0,1619
